1;-60.0;
2;-60.0;
3;-60.0;
4;-60.0;
5;-60.0;
6;-60.0;
7;-60.0;
8;-60.0;
9;-60.0;
10;-60.0;
11;-60.0;
12;-60.0;
13;-60.0;
14;-60.0;
15;-60.0;
16;-60.0;
17;-60.0;
18;-60.0;
19;-60.0;
20;-60.0;
21;-60.0;
22;-60.0;
23;-60.0;
24;-60.0;
25;-60.0;
26;-60.0;
27;-60.0;
28;-60.0;
29;-60.0;
30;-60.0;
31;-60.0;
32;-60.0;
33;-60.0;
34;-60.0;
35;-60.0;
36;-60.0;
37;-60.0;
38;-60.0;
39;-60.0;
40;-60.0;
41;-60.0;
42;-60.0;
43;-60.0;
44;-60.0;
45;-60.0;
46;-60.0;
47;-60.0;
48;-60.0;
49;-60.0;
50;-60.0;
51;-60.0;
52;-60.0;
53;-60.0;
54;-60.0;
55;-60.0;
56;-60.0;
57;-60.0;
58;-60.0;
59;-60.0;
60;-60.0;
61;-60.0;
62;-60.0;
63;-60.0;
64;-60.0;
65;-60.0;
66;-60.0;
67;-60.0;
68;-60.0;
69;-60.0;
70;-60.0;
71;-60.0;
72;-60.0;
73;-60.0;
74;-60.0;
75;-60.0;
76;-60.0;
77;-60.0;
78;-60.0;
79;-60.0;
80;-60.0;
81;-60.0;
82;-60.0;
83;-60.0;
84;-60.0;
85;-60.0;
86;-60.0;
87;-60.0;
88;-60.0;
89;-60.0;
90;-60.0;
91;-60.0;
92;-60.0;
93;-60.0;
94;-60.0;
95;-60.0;
96;-60.0;
97;-60.0;
98;-60.0;
99;-60.0;
100;-14.987500190734863;
101;-28.8281192779541;
102;-27.714614868164062;
103;-26.645151138305664;
104;-25.617963790893555;
105;-24.631364822387695;
106;-23.683731079101562;
107;-22.773500442504883;
108;-21.899181365966797;
109;-21.05933380126953;
110;-20.252578735351562;
111;-19.477598190307617;
112;-18.73311424255371;
113;-18.01791000366211;
114;-17.330812454223633;
115;-16.670698165893555;
116;-16.0364933013916;
117;-15.427151679992676;
118;-14.841686248779297;
119;-14.279138565063477;
120;-13.738593101501465;
121;-13.219169616699219;
122;-12.720022201538086;
123;-12.240342140197754;
124;-11.779348373413086;
125;-11.336295127868652;
126;-10.910463333129883;
127;-10.501163482666016;
128;-10.10773754119873;
129;-9.729547500610352;
130;-9.365986824035645;
131;-9.01646614074707;
132;-8.680427551269531;
133;-8.357329368591309;
134;-8.046655654907227;
135;-7.747910499572754;
136;-7.4606146812438965;
137;-7.184309482574463;
138;-6.91855525970459;
139;-6.662935256958008;
140;-6.417037010192871;
141;-6.180476665496826;
142;-5.952877521514893;
143;-5.733880043029785;
144;-5.52314567565918;
145;-5.320340156555176;
146;-5.125148296356201;
147;-4.937262058258057;
148;-4.7563886642456055;
149;-4.582254409790039;
150;-4.414582252502441;
151;-4.253119945526123;
152;-4.097616672515869;
153;-3.947831392288208;
154;-3.803537368774414;
155;-3.6645171642303467;
156;-3.530555248260498;
157;-3.401451587677002;
158;-3.277013063430786;
159;-3.157052993774414;
160;-3.0413901805877686;
161;-2.9298548698425293;
162;-2.822279453277588;
163;-2.7185070514678955;
164;-2.618387222290039;
165;-2.5217692852020264;
166;-2.4285197257995605;
167;-2.3384976387023926;
168;-2.2515766620635986;
169;-2.167633056640625;
170;-2.0865485668182373;
171;-2.008206844329834;
172;-1.9324973821640015;
173;-1.8593170642852783;
174;-1.7885627746582031;
175;-1.7201411724090576;
176;-1.6539568901062012;
177;-1.5899184942245483;
178;-1.5279419422149658;
179;-1.4679450988769531;
180;-1.4098460674285889;
181;-1.3535743951797485;
182;-1.2990516424179077;
183;-1.2462092638015747;
184;-1.1949806213378906;
185;-1.145298719406128;
186;-1.0971084833145142;
187;-1.0503429174423218;
188;-1.0049487352371216;
189;-0.9608688354492188;
190;-0.9180552959442139;
191;-0.8764530420303345;
192;-0.8360141515731812;
193;-0.7966948747634888;
194;-0.7584457397460938;
195;-0.7212264537811279;
196;-0.6849972009658813;
197;-0.649715781211853;
198;-0.6153479814529419;
199;-0.5818538665771484;
200;-0.5491988658905029;
201;-0.5173488855361938;
202;-0.4862750768661499;
203;-0.45594322681427;
204;-0.4263267517089844;
205;-0.39739298820495605;
206;-0.3691154718399048;
207;-0.3414710760116577;
208;-0.3144313097000122;
209;-0.2879753112792969;
210;-0.26207804679870605;
211;-0.23671305179595947;
212;-0.21186673641204834;
213;-0.18751060962677002;
214;-0.16363143920898438;
215;-0.14020609855651855;
216;-0.11721765995025635;
217;-0.09464871883392334;
218;-0.07248222827911377;
219;-0.05070304870605469;
220;-0.029295682907104492;
221;-0.008243203163146973;
222;0.012466073036193848;
223;0.03284728527069092;
224;0.052913665771484375;
225;0.0726768970489502;
226;0.09215009212493896;
227;0.11134302616119385;
228;0.13026893138885498;
229;0.1489391326904297;
230;0.16736149787902832;
231;0.18554532527923584;
232;0.20350420475006104;
233;0.2212437391281128;
234;0.23877334594726562;
235;0.2561028003692627;
236;0.27323949337005615;
237;0.29019129276275635;
238;0.30696189403533936;
239;0.3235645294189453;
240;0.34000134468078613;
241;0.3562816381454468;
242;0.3724132776260376;
243;0.38839614391326904;
244;0.4042396545410156;
245;0.4199497699737549;
246;0.43553197383880615;
247;0.450992226600647;
248;0.4663323163986206;
249;0.48155975341796875;
250;0.4966766834259033;
251;0.5116904973983765;
252;0.5266033411026001;
253;0.5414189100265503;
254;0.5561428070068359;
255;0.5707790851593018;
256;0.5853275060653687;
257;0.5997940301895142;
258;0.6141823530197144;
259;0.6284942626953125;
260;0.6427338123321533;
261;0.6569066047668457;
262;0.671008825302124;
263;0.6850478649139404;
264;0.6990261077880859;
265;0.7129452228546143;
266;0.7268071174621582;
267;0.7406156063079834;
268;0.7543704509735107;
269;0.7680740356445312;
270;0.7817318439483643;
271;0.7953438758850098;
272;0.8089101314544678;
273;0.8224341869354248;
274;0.8359184265136719;
275;0.8493626117706299;
276;0.8627667427062988;
277;0.8761346340179443;
278;0.8894698619842529;
279;0.90277099609375;
280;0.9160397052764893;
281;0.9292778968811035;
282;0.9424874782562256;
283;0.9556663036346436;
284;0.9688224792480469;
285;0.981950044631958;
286;0.9950528144836426;
287;1.0081307888031006;
288;1.0211875438690186;
289;1.034219741821289;
290;1.0472309589385986;
291;1.0602211952209473;
292;1.0731923580169678;
293;1.0861461162567139;
294;1.099081039428711;
295;1.1119987964630127;
296;1.1248974800109863;
297;1.1377809047698975;
298;1.150648832321167;
299;1.163503646850586;
300;1.1763432025909424;
301;1.1891674995422363;
302;1.2019822597503662;
303;1.2147815227508545;
304;1.2275714874267578;
305;1.2403461933135986;
306;1.2531132698059082;
307;1.265868902206421;
308;1.2786128520965576;
309;1.2913475036621094;
310;1.3040745258331299;
311;1.3167920112609863;
312;1.3294999599456787;
313;1.3422019481658936;
314;1.3548946380615234;
315;1.367579698562622;
316;1.3802571296691895;
317;1.3929269313812256;
318;1.4055907726287842;
319;1.4182472229003906;
320;1.4308979511260986;
321;1.4435410499572754;
322;1.4561803340911865;
323;1.4688117504119873;
324;1.4814395904541016;
325;1.4940636157989502;
326;1.5066800117492676;
327;1.5192925930023193;
328;1.5319011211395264;
329;1.5445060729980469;
330;1.557105302810669;
331;1.5697026252746582;
332;1.582294225692749;
333;1.5948817729949951;
334;1.6074676513671875;
335;1.6200478076934814;
336;1.6326279640197754;
337;1.645202398300171;
338;1.6577746868133545;
339;1.6703453063964844;
340;1.6829121112823486;
341;1.6954731941223145;
342;1.7080342769622803;
343;1.7205932140350342;
344;1.7331504821777344;
345;1.7457058429718018;
346;1.7582573890686035;
347;1.7708070278167725;
348;1.7833545207977295;
349;1.7959022521972656;
350;1.8084461688995361;
351;1.8209881782531738;
352;1.8335301876068115;
353;1.8460681438446045;
354;1.8586044311523438;
355;1.871140718460083;
356;1.8836750984191895;
357;1.896209478378296;
358;1.9087398052215576;
359;1.9212722778320312;
360;1.9338009357452393;
361;1.9463295936584473;
362;1.9588544368743896;
363;1.9713809490203857;
364;1.983907699584961;
365;1.9964306354522705;
366;2.00895357131958;
367;2.021474599838257;
368;2.0339953899383545;
369;2.0465164184570312;
370;2.059035539627075;
371;2.0715527534484863;
372;2.0840718746185303;
373;2.096590757369995;
374;2.1091060638427734;
375;2.1216213703155518;
376;2.13413667678833;
377;2.1466519832611084;
378;2.159165143966675;
379;2.1716785430908203;
380;2.184191942214966;
381;2.1967053413391113;
382;2.209218740463257;
383;2.2217280864715576;
384;2.2342376708984375;
385;2.24674916267395;
386;2.25925874710083;
387;2.2717702388763428;
388;2.2842795848846436;
389;2.2967872619628906;
390;2.3092968463897705;
391;2.3218045234680176;
392;2.3343122005462646;
393;2.3468196392059326;
394;2.3593273162841797;
395;2.3718349933624268;
396;2.384342670440674;
397;2.396848440170288;
398;2.4093539714813232;
399;2.4218578338623047;
400;2.434363603591919;
401;2.446869373321533;
402;2.4593751430511475;
403;2.47187876701355;
404;2.484384536743164;
405;2.4968903064727783;
406;2.5093941688537598;
407;2.521899938583374;
408;2.534405469894409;
409;2.5469112396240234;
410;2.559413194656372;
411;2.5719151496887207;
412;2.584419012069702;
413;2.5969207286834717;
414;2.609424591064453;
415;2.6219265460968018;
416;2.6344285011291504;
417;2.646932363510132;
418;2.6594340801239014;
419;2.67193603515625;
420;2.6844401359558105;
421;2.69694185256958;
422;2.7094435691833496;
423;2.72194766998291;
424;2.7344493865966797;
425;2.7469534873962402;
426;2.7594552040100098;
427;2.7719569206237793;
428;2.78446102142334;
429;2.7969627380371094;
430;2.809464931488037;
431;2.8219685554504395;
432;2.834470272064209;
433;2.8469724655151367;
434;2.8594722747802734;
435;2.8719725608825684;
436;2.884472370147705;
437;2.896972179412842;
438;2.9094724655151367;
439;2.9219722747802734;
440;2.9344725608825684;
441;2.946972370147705;
442;2.959472179412842;
443;2.9719724655151367;
444;2.9844722747802734;
445;2.9969725608825684;
446;3.009472370147705;
447;3.021972179412842;
448;3.0344724655151367;
449;3.0469722747802734;
450;3.0594725608825684;
451;3.071972370147705;
452;3.084472179412842;
453;3.0969724655151367;
454;3.1094722747802734;
455;3.1219725608825684;
456;3.134472370147705;
457;3.146972179412842;
458;3.1594724655151367;
459;3.1719722747802734;
460;3.1844725608825684;
461;3.196972370147705;
462;3.209472179412842;
463;3.2219724655151367;
464;3.2344722747802734;
465;3.2469725608825684;
466;3.259472370147705;
467;3.271972179412842;
468;3.2844724655151367;
469;3.2969722747802734;
470;3.3094725608825684;
471;3.321972370147705;
472;3.334472179412842;
473;3.3469724655151367;
474;3.3594722747802734;
475;3.3719725608825684;
476;3.384472370147705;
477;3.396972179412842;
478;3.4094724655151367;
479;3.4219722747802734;
480;3.4344725608825684;
481;3.446972370147705;
482;3.459472179412842;
483;3.4719724655151367;
484;3.4844722747802734;
485;3.4969725608825684;
486;3.509472370147705;
487;3.521972179412842;
488;3.5344724655151367;
489;3.5469722747802734;
490;3.5594725608825684;
491;3.571972370147705;
492;3.584472179412842;
493;3.5969724655151367;
494;3.6094722747802734;
495;3.6219725608825684;
496;3.634472370147705;
497;3.646972179412842;
498;3.6594724655151367;
499;3.6719722747802734;
500;3.6844725608825684;
501;3.696972370147705;
502;3.709472179412842;
503;3.7219724655151367;
504;3.7344722747802734;
505;3.7469725608825684;
506;3.759472370147705;
507;3.771972179412842;
508;3.7844724655151367;
509;3.7969722747802734;
510;3.8094725608825684;
511;3.821972370147705;
512;3.834472179412842;
513;3.8469724655151367;
514;3.8594722747802734;
515;3.8719725608825684;
516;3.884472370147705;
517;3.896972179412842;
518;3.9094724655151367;
519;3.9219722747802734;
520;3.9344725608825684;
521;3.946972370147705;
522;3.959472179412842;
523;3.9719724655151367;
524;3.9844722747802734;
525;3.9969725608825684;
526;4.009472370147705;
527;4.021972179412842;
528;4.034472465515137;
529;4.046972274780273;
530;4.059472560882568;
531;4.071972370147705;
532;4.084472179412842;
533;4.096972465515137;
534;4.109472274780273;
535;4.121972560882568;
536;4.134472370147705;
537;4.146972179412842;
538;4.159472465515137;
539;4.171972274780273;
540;4.184472560882568;
541;4.196972370147705;
542;4.209472179412842;
543;4.221972465515137;
544;4.234472274780273;
545;4.246972560882568;
546;4.259472370147705;
547;4.271972179412842;
548;4.284472465515137;
549;4.296972274780273;
550;4.309472560882568;
551;4.321972370147705;
552;4.334472179412842;
553;4.346972465515137;
554;4.359472274780273;
555;4.371972560882568;
556;4.384472370147705;
557;4.396972179412842;
558;4.409472465515137;
559;4.421972274780273;
560;4.434472560882568;
561;4.446972370147705;
562;4.459472179412842;
563;4.471972465515137;
564;4.484472274780273;
565;4.496972560882568;
566;4.509472370147705;
567;4.521972179412842;
568;4.534472465515137;
569;4.546972274780273;
570;4.559472560882568;
571;4.571972370147705;
572;4.584472179412842;
573;4.596972465515137;
574;4.609472274780273;
575;4.621972560882568;
576;4.634472370147705;
577;4.646972179412842;
578;4.659472465515137;
579;4.671972274780273;
580;4.684472560882568;
581;4.696972370147705;
582;4.709472179412842;
583;4.721972465515137;
584;4.734472274780273;
585;4.746972560882568;
586;4.759472370147705;
587;4.771972179412842;
588;4.784472465515137;
589;4.796972274780273;
590;4.809472560882568;
591;4.821972370147705;
592;4.834472179412842;
593;4.846972465515137;
594;4.859472274780273;
595;4.871972560882568;
596;4.884472370147705;
597;4.896972179412842;
598;4.909472465515137;
599;4.921972274780273;
600;4.934472560882568;
601;-22.4320011138916;
602;-22.457561492919922;
603;-22.48294448852539;
604;-22.50815773010254;
605;-22.533206939697266;
606;-22.558094024658203;
607;-22.582826614379883;
608;-22.607410430908203;
609;-22.631853103637695;
610;-22.65615463256836;
611;-22.680326461791992;
612;-22.704368591308594;
613;-22.728290557861328;
614;-22.75209617614746;
615;-22.77579116821289;
616;-22.799381256103516;
617;-22.822872161865234;
618;-22.846267700195312;
619;-22.86957550048828;
620;-22.892797470092773;
621;-22.915943145751953;
622;-22.93901824951172;
623;-22.962024688720703;
624;-22.984970092773438;
625;-23.007858276367188;
626;-23.030696868896484;
627;-23.053491592407227;
628;-23.076244354248047;
629;-23.09896469116211;
630;-23.12165641784668;
631;-23.144325256347656;
632;-23.166976928710938;
633;-23.189613342285156;
634;-23.21224594116211;
635;-23.23487663269043;
636;-23.257509231567383;
637;-23.280153274536133;
638;-23.302812576293945;
639;-23.32549285888672;
640;-23.34819793701172;
641;-23.37093734741211;
642;-23.39371109008789;
643;-23.416528701782227;
644;-23.439393997192383;
645;-23.462312698364258;
646;-23.48529052734375;
647;-23.508331298828125;
648;-23.531442642211914;
649;-23.554630279541016;
650;-23.577896118164062;
651;-23.60125160217285;
652;-23.624696731567383;
653;-23.648239135742188;
654;-23.671884536743164;
655;-23.69563865661621;
656;-23.719505310058594;
657;-23.743492126464844;
658;-23.767601013183594;
659;-23.79184341430664;
660;-23.816219329833984;
661;-23.840734481811523;
662;-23.865398406982422;
663;-23.890213012695312;
664;-23.915185928344727;
665;-23.94032096862793;
666;-23.965625762939453;
667;-23.99110221862793;
668;-24.01675796508789;
669;-24.042600631713867;
670;-24.068632125854492;
671;-24.094858169555664;
672;-24.121286392211914;
673;-24.147920608520508;
674;-24.174766540527344;
675;-24.20182991027832;
676;-24.229116439819336;
677;-24.25663185119629;
678;-24.284381866455078;
679;-24.31237030029297;
680;-24.34060287475586;
681;-24.36908721923828;
682;-24.3978271484375;
683;-24.426828384399414;
684;-24.456096649169922;
685;-24.48563575744629;
686;-24.515453338623047;
687;-24.54555320739746;
688;-24.575942993164062;
689;-24.606624603271484;
690;-24.63760757446289;
691;-24.668895721435547;
692;-24.70049285888672;
693;-24.732406616210938;
694;-24.7646427154541;
695;-24.797204971313477;
696;-24.830101013183594;
697;-24.863332748413086;
698;-24.896907806396484;
699;-24.930831909179688;
700;-24.965110778808594;
701;-24.9997501373291;
702;-25.034753799438477;
703;-25.070127487182617;
704;-25.105876922607422;
705;-25.142009735107422;
706;-25.17852783203125;
707;-25.215438842773438;
708;-25.252748489379883;
709;-25.29046058654785;
710;-25.328582763671875;
711;-25.36711883544922;
712;-25.40607452392578;
713;-25.44545555114746;
714;-25.485267639160156;
715;-25.525516510009766;
716;-25.566204071044922;
717;-25.607341766357422;
718;-25.6489315032959;
719;-25.69097900390625;
720;-25.733489990234375;
721;-25.776470184326172;
722;-25.819923400878906;
723;-25.863859176635742;
724;-25.908279418945312;
725;-25.953189849853516;
726;-25.998600006103516;
727;-26.04450798034668;
728;-26.090925216674805;
729;-26.137855529785156;
730;-26.185302734375;
731;-26.233274459838867;
732;-26.281776428222656;
733;-26.330810546875;
734;-26.380386352539062;
735;-26.430509567260742;
736;-26.481182098388672;
737;-26.53240966796875;
738;-26.58420181274414;
739;-26.636560440063477;
740;-26.689491271972656;
741;-26.743003845214844;
742;-26.797096252441406;
743;-26.85177993774414;
744;-26.907058715820312;
745;-26.962936401367188;
746;-27.019420623779297;
747;-27.07651710510254;
748;-27.13422966003418;
749;-27.192562103271484;
750;-27.25152587890625;
751;-27.311120986938477;
752;-27.371355056762695;
753;-27.432231903076172;
754;-27.493759155273438;
755;-27.55594253540039;
756;-27.618783950805664;
757;-27.682292938232422;
758;-27.746471405029297;
759;-27.811328887939453;
760;-27.876869201660156;
761;-27.943096160888672;
762;-28.01001739501953;
763;-28.07763671875;
764;-28.14596176147461;
765;-28.214994430541992;
766;-28.28474235534668;
767;-28.35521125793457;
768;-28.426406860351562;
769;-28.498332977294922;
770;-28.57099723815918;
771;-28.644405364990234;
772;-28.71855926513672;
773;-28.79346466064453;
774;-28.86913299560547;
775;-28.94556427001953;
776;-29.02276611328125;
777;-29.100740432739258;
778;-29.17949676513672;
779;-29.25904083251953;
780;-29.33937644958496;
781;-29.420509338378906;
782;-29.502443313598633;
783;-29.585186004638672;
784;-29.668743133544922;
785;-29.75311851501465;
786;-29.838319778442383;
787;-29.92435073852539;
788;-30.011215209960938;
789;-30.098922729492188;
790;-30.187475204467773;
791;-30.276880264282227;
792;-30.367141723632812;
793;-30.458267211914062;
794;-30.550262451171875;
795;-30.64312744140625;
796;-30.736873626708984;
797;-30.831504821777344;
798;-30.92702865600586;
799;-31.02344512939453;
800;-31.12076187133789;
801;-31.21898651123047;
802;-31.318124771118164;
803;-31.41817855834961;
804;-31.51915740966797;
805;-31.621061325073242;
806;-31.723901748657227;
807;-31.827680587768555;
808;-31.932405471801758;
809;-32.03807830810547;
810;-32.14470672607422;
811;-32.252296447753906;
812;-32.36085510253906;
813;-32.47038650512695;
814;-32.580894470214844;
815;-32.6923828125;
816;-32.80486297607422;
817;-32.918338775634766;
818;-33.032814025878906;
819;-33.148292541503906;
820;-33.26477813720703;
821;-33.382286071777344;
822;-33.50080871582031;
823;-33.620361328125;
824;-33.74095153808594;
825;-33.862571716308594;
826;-33.98523712158203;
827;-34.10895538330078;
828;-34.233726501464844;
829;-34.359554290771484;
830;-34.4864501953125;
831;-34.614410400390625;
832;-34.74345397949219;
833;-34.87357711791992;
834;-35.00478744506836;
835;-35.137088775634766;
836;-35.27048873901367;
837;-35.404991149902344;
838;-35.54060363769531;
839;-35.677330017089844;
840;-35.81517791748047;
841;-35.95415115356445;
842;-36.09425354003906;
843;-36.23549270629883;
844;-36.37787628173828;
845;-36.52140426635742;
846;-36.66608428955078;
847;-36.81192398071289;
848;-36.958927154541016;
849;-37.10710144042969;
850;-37.256446838378906;
851;-37.40697479248047;
852;-37.558685302734375;
853;-37.711585998535156;
854;-37.865684509277344;
855;-38.02098846435547;
856;-38.17749786376953;
857;-38.33522033691406;
858;-38.49415588378906;
859;-38.654319763183594;
860;-38.815711975097656;
861;-38.97834014892578;
862;-39.142208099365234;
863;-39.30732345581055;
864;-39.47368621826172;
865;-39.64130783081055;
866;-39.8101921081543;
867;-39.980342864990234;
868;-40.151763916015625;
869;-40.32447052001953;
870;-40.49845504760742;
871;-40.67373275756836;
872;-40.850303649902344;
873;-41.028175354003906;
874;-41.20735168457031;
875;-41.387840270996094;
876;-41.56964111328125;
877;-41.752769470214844;
878;-41.937225341796875;
879;-42.123008728027344;
880;-42.31013488769531;
881;-42.49861145019531;
882;-42.68843078613281;
883;-42.879600524902344;
884;-43.07213592529297;
885;-43.26604080200195;
886;-43.46131134033203;
887;-43.65796661376953;
888;-43.855995178222656;
889;-44.05541229248047;
890;-44.2562255859375;
891;-44.458438873291016;
892;-44.66205596923828;
893;-44.86708068847656;
894;-45.073524475097656;
895;-45.28138732910156;
896;-45.49067687988281;
897;-45.701393127441406;
898;-45.913551330566406;
899;-46.12715148925781;
900;-46.34219741821289;
901;-46.55870056152344;
902;-46.77665710449219;
903;-46.9960823059082;
904;-47.216976165771484;
905;-47.43934631347656;
906;-47.6631965637207;
907;-47.88853454589844;
908;-48.115360260009766;
909;-48.343685150146484;
910;-48.57351303100586;
911;-48.80485153198242;
912;-49.03770446777344;
913;-49.272071838378906;
914;-49.507965087890625;
915;-49.745384216308594;
916;-49.98434829711914;
917;-50.22484588623047;
918;-50.466896057128906;
919;-50.71049499511719;
920;-50.955650329589844;
921;-51.202369689941406;
922;-51.45065689086914;
923;-51.70051574707031;
924;-51.95195770263672;
925;-52.20498275756836;
926;-52.4595947265625;
927;-52.71580505371094;
928;-52.97361755371094;
929;-53.23303985595703;
930;-53.49407196044922;
931;-53.7567138671875;
932;-54.02098846435547;
933;-54.286888122558594;
934;-54.554420471191406;
935;-54.82359313964844;
936;-55.09441375732422;
937;-55.36688232421875;
938;-55.6410026550293;
939;-55.91679382324219;
940;-56.194244384765625;
941;-56.47336959838867;
942;-56.754173278808594;
943;-57.036659240722656;
944;-57.320831298828125;
945;-57.6067008972168;
946;-57.89426803588867;
947;-58.18354415893555;
948;-58.474525451660156;
949;-58.7672233581543;
950;-59.0616455078125;
951;-59.357791900634766;
952;-59.655670166015625;
953;-59.955291748046875;
954;-60.256649017333984;
955;-60.0;
956;-60.0;
957;-60.0;
958;-60.0;
959;-60.0;
960;-60.0;
961;-60.0;
962;-60.0;
963;-60.0;
964;-60.0;
965;-60.0;
966;-60.0;
967;-60.0;
968;-60.0;
969;-60.0;
970;-60.0;
971;-60.0;
972;-60.0;
973;-60.0;
974;-60.0;
975;-60.0;
976;-60.0;
977;-60.0;
978;-60.0;
979;-60.0;
980;-60.0;
981;-60.0;
982;-60.0;
983;-60.0;
984;-60.0;
985;-60.0;
986;-60.0;
987;-60.0;
988;-60.0;
989;-60.0;
990;-60.0;
991;-60.0;
992;-60.0;
993;-60.0;
994;-60.0;
995;-60.0;
996;-60.0;
997;-60.0;
998;-60.0;
999;-60.0;
1000;-60.0;
1001;-60.0;
1002;-60.0;
1003;-60.0;
1004;-60.0;
1005;-60.0;
1006;-60.0;
1007;-60.0;
1008;-60.0;
1009;-60.0;
1010;-60.0;
1011;-60.0;
1012;-60.0;
1013;-60.0;
1014;-60.0;
1015;-60.0;
1016;-60.0;
1017;-60.0;
1018;-60.0;
1019;-60.0;
1020;-60.0;
1021;-60.0;
1022;-60.0;
1023;-60.0;
1024;-60.0;
1025;-60.0;
1026;-60.0;
1027;-60.0;
1028;-60.0;
1029;-60.0;
1030;-60.0;
1031;-60.0;
1032;-60.0;
1033;-60.0;
1034;-60.0;
1035;-60.0;
1036;-60.0;
1037;-60.0;
1038;-60.0;
1039;-60.0;
1040;-60.0;
1041;-60.0;
1042;-60.0;
1043;-60.0;
1044;-60.0;
1045;-60.0;
1046;-60.0;
1047;-60.0;
1048;-60.0;
1049;-60.0;
1050;-60.0;
1051;-60.0;
1052;-60.0;
1053;-60.0;
1054;-60.0;
1055;-60.0;
1056;-60.0;
1057;-60.0;
1058;-60.0;
1059;-60.0;
1060;-60.0;
1061;-60.0;
1062;-60.0;
1063;-60.0;
1064;-60.0;
1065;-60.0;
1066;-60.0;
1067;-60.0;
1068;-60.0;
1069;-60.0;
1070;-60.0;
1071;-60.0;
1072;-60.0;
1073;-60.0;
1074;-60.0;
1075;-60.0;
1076;-60.0;
1077;-60.0;
1078;-60.0;
1079;-60.0;
1080;-60.0;
1081;-60.0;
1082;-60.0;
1083;-60.0;
1084;-60.0;
1085;-60.0;
1086;-60.0;
1087;-60.0;
1088;-60.0;
1089;-60.0;
1090;-60.0;
1091;-60.0;
1092;-60.0;
1093;-60.0;
1094;-60.0;
1095;-60.0;
1096;-60.0;
1097;-60.0;
1098;-60.0;
1099;-60.0;
1100;-60.0;
1101;-60.0;
1102;-60.0;
1103;-60.0;
1104;-60.0;
1105;-60.0;
1106;-60.0;
1107;-60.0;
1108;-60.0;
1109;-60.0;
1110;-60.0;
1111;-60.0;
1112;-60.0;
1113;-60.0;
1114;-60.0;
1115;-60.0;
1116;-60.0;
1117;-60.0;
1118;-60.0;
1119;-60.0;
1120;-60.0;
1121;-60.0;
1122;-60.0;
1123;-60.0;
1124;-60.0;
1125;-60.0;
1126;-60.0;
1127;-60.0;
1128;-60.0;
1129;-60.0;
1130;-60.0;
1131;-60.0;
1132;-60.0;
1133;-60.0;
1134;-60.0;
1135;-60.0;
1136;-60.0;
1137;-60.0;
1138;-60.0;
1139;-60.0;
1140;-60.0;
1141;-60.0;
1142;-60.0;
1143;-60.0;
1144;-60.0;
1145;-60.0;
1146;-60.0;
1147;-60.0;
1148;-60.0;
1149;-60.0;
1150;-60.0;
1151;-60.0;
1152;-60.0;
1153;-60.0;
1154;-60.0;
1155;-60.0;
1156;-60.0;
1157;-60.0;
1158;-60.0;
1159;-60.0;
1160;-60.0;
1161;-60.0;
1162;-60.0;
1163;-60.0;
1164;-60.0;
1165;-60.0;
1166;-60.0;
1167;-60.0;
1168;-60.0;
1169;-60.0;
1170;-60.0;
1171;-60.0;
1172;-60.0;
1173;-60.0;
1174;-60.0;
1175;-60.0;
1176;-60.0;
1177;-60.0;
1178;-60.0;
1179;-60.0;
1180;-60.0;
1181;-60.0;
1182;-60.0;
1183;-60.0;
1184;-60.0;
1185;-60.0;
1186;-60.0;
1187;-60.0;
1188;-60.0;
1189;-60.0;
1190;-60.0;
1191;-60.0;
1192;-60.0;
1193;-60.0;
1194;-60.0;
1195;-60.0;
1196;-60.0;
1197;-60.0;
1198;-60.0;
1199;-60.0;
1200;-2.46240496635437;
1201;-2.4040274620056152;
1202;-2.347486972808838;
1203;-2.2927067279815674;
1204;-2.2396183013916016;
1205;-2.188154935836792;
1206;-2.1382460594177246;
1207;-2.089836597442627;
1208;-2.042863130569458;
1209;-1.9972686767578125;
1210;-1.9529979228973389;
1211;-1.9099994897842407;
1212;-1.8682197332382202;
1213;-1.8276112079620361;
1214;-1.788125991821289;
1215;-1.7497222423553467;
1216;-1.7123523950576782;
1217;-1.6759780645370483;
1218;-1.640559434890747;
1219;-1.6060562133789062;
1220;-1.572432279586792;
1221;-1.539655327796936;
1222;-1.5076888799667358;
1223;-1.4765026569366455;
1224;-1.4460620880126953;
1225;-1.4163367748260498;
1226;-1.3873039484024048;
1227;-1.3589309453964233;
1228;-1.3311951160430908;
1229;-1.3040657043457031;
1230;-1.2775237560272217;
1231;-1.2515407800674438;
1232;-1.2260993719100952;
1233;-1.2011768817901611;
1234;-1.176748275756836;
1235;-1.1527984142303467;
1236;-1.129306435585022;
1237;-1.1062530279159546;
1238;-1.0836212635040283;
1239;-1.0613975524902344;
1240;-1.0395629405975342;
1241;-1.0181002616882324;
1242;-0.9969943761825562;
1243;-0.9762336611747742;
1244;-0.9558029174804688;
1245;-0.935690701007843;
1246;-0.9158836007118225;
1247;-0.8963702917098999;
1248;-0.8771335482597351;
1249;-0.8581695556640625;
1250;-0.8394630551338196;
1251;-0.8210044503211975;
1252;-0.802782416343689;
1253;-0.7847911715507507;
1254;-0.7670192718505859;
1255;-0.7494571805000305;
1256;-0.7320991158485413;
1257;-0.7149337530136108;
1258;-0.6979572176933289;
1259;-0.6811580657958984;
1260;-0.6645343899726868;
1261;-0.6480727791786194;
1262;-0.6317695379257202;
1263;-0.615618884563446;
1264;-0.5996150970458984;
1265;-0.5837505459785461;
1266;-0.568019449710846;
1267;-0.5524200201034546;
1268;-0.5369407534599304;
1269;-0.5215835571289062;
1270;-0.5063408017158508;
1271;-0.49120670557022095;
1272;-0.4761775732040405;
1273;-0.46124953031539917;
1274;-0.44641685485839844;
1275;-0.43167954683303833;
1276;-0.41703373193740845;
1277;-0.4024718999862671;
1278;-0.38799208402633667;
1279;-0.37359046936035156;
1280;-0.3592689037322998;
1281;-0.34501802921295166;
1282;-0.3308357000350952;
1283;-0.31672203540802;
1284;-0.30267333984375;
1285;-0.28868746757507324;
1286;-0.2747608423233032;
1287;-0.2608894109725952;
1288;-0.24707138538360596;
1289;-0.23331069946289062;
1290;-0.21959757804870605;
1291;-0.20593416690826416;
1292;-0.19231641292572021;
1293;-0.17874443531036377;
1294;-0.16521453857421875;
1295;-0.15172648429870605;
1296;-0.13827669620513916;
1297;-0.12486684322357178;
1298;-0.11149322986602783;
1299;-0.09815216064453125;
1300;-0.08484721183776855;
1301;-0.07157289981842041;
1302;-0.058328986167907715;
1303;-0.04511559009552002;
1304;-0.03192901611328125;
1305;-0.01877284049987793;
1306;-0.005641579627990723;
1307;0.00746309757232666;
1308;0.020544886589050293;
1309;0.033603668212890625;
1310;0.04664158821105957;
1311;0.0596545934677124;
1312;0.07264673709869385;
1313;0.08562171459197998;
1314;0.09857749938964844;
1315;0.11151623725891113;
1316;0.12443578243255615;
1317;0.1373382806777954;
1318;0.15022361278533936;
1319;0.16309356689453125;
1320;0.17595219612121582;
1321;0.18879354000091553;
1322;0.2016216516494751;
1323;0.21443641185760498;
1324;0.22723960876464844;
1325;0.24002957344055176;
1326;0.25280797481536865;
1327;0.26557695865631104;
1328;0.27833449840545654;
1329;0.29108238220214844;
1330;0.303818941116333;
1331;0.31654584407806396;
1332;0.3292652368545532;
1333;0.3419750928878784;
1334;0.35467529296875;
1335;0.3673679828643799;
1336;0.38005292415618896;
1337;0.39273035526275635;
1338;0.4054020643234253;
1339;0.41806602478027344;
1340;0.4307224750518799;
1341;0.44337499141693115;
1342;0.4560199975967407;
1343;0.46865928173065186;
1344;0.481292724609375;
1345;0.49392056465148926;
1346;0.5065425634384155;
1347;0.5191589593887329;
1348;0.5317734479904175;
1349;0.5443840026855469;
1350;0.5569889545440674;
1351;0.5695899724960327;
1352;0.5821853876113892;
1353;0.5947808027267456;
1354;0.6073684692382812;
1355;0.6199543476104736;
1356;0.6325362920761108;
1357;0.645114541053772;
1358;0.6576889753341675;
1359;0.6702632904052734;
1360;0.6828339099884033;
1361;0.6954007148742676;
1362;0.707965612411499;
1363;0.7205283641815186;
1364;0.7330894470214844;
1365;0.7456467151641846;
1366;0.7582001686096191;
1367;0.7707536220550537;
1368;0.7833030223846436;
1369;0.7958488464355469;
1370;0.808396577835083;
1371;0.8209404945373535;
1372;0.8334825038909912;
1373;0.8460242748260498;
1374;0.8585624694824219;
1375;0.8710987567901611;
1376;0.8836369514465332;
1377;0.8961694240570068;
1378;0.9087035655975342;
1379;0.9212360382080078;
1380;0.9337666034698486;
1381;0.9462952613830566;
1382;0.9588239192962646;
1383;0.9713504314422607;
1384;0.9838752746582031;
1385;0.9964020252227783;
1386;1.008924961090088;
1387;1.0214498043060303;
1388;1.0339725017547607;
1389;1.0464935302734375;
1390;1.0590145587921143;
1391;1.071535587310791;
1392;1.0840528011322021;
1393;1.096571683883667;
1394;1.109090805053711;
1395;1.1216061115264893;
1396;1.1341214179992676;
1397;1.146636724472046;
1398;1.1591517925262451;
1399;1.1716651916503906;
1400;1.1841785907745361;
1401;1.1966919898986816;
1402;1.2092053890228271;
1403;1.2217185497283936;
1404;1.2342281341552734;
1405;1.2467377185821533;
1406;1.259249210357666;
1407;1.271758794784546;
1408;1.2842700481414795;
1409;1.2967796325683594;
1410;1.3092873096466064;
1411;1.3217968940734863;
1412;1.3343045711517334;
1413;1.3468120098114014;
1414;1.3593196868896484;
1415;1.3718273639678955;
1416;1.3843350410461426;
1417;1.3968427181243896;
1418;1.4093482494354248;
1419;1.421854019165039;
1420;1.4343578815460205;
1421;1.4468636512756348;
1422;1.459369421005249;
1423;1.4718749523162842;
1424;1.4843788146972656;
1425;1.4968845844268799;
1426;1.5093903541564941;
1427;1.5218942165374756;
1428;1.5343997478485107;
1429;1.546905517578125;
1430;1.5594112873077393;
1431;1.571913242340088;
1432;1.5844151973724365;
1433;1.5969188213348389;
1434;1.6094207763671875;
1435;1.621924638748169;
1436;1.6344265937805176;
1437;1.6469285488128662;
1438;1.6594321727752686;
1439;1.6719341278076172;
1440;1.6844360828399658;
1441;1.6969399452209473;
1442;1.709441900253296;
1443;1.7219436168670654;
1444;1.7344474792480469;
1445;1.7469494342803955;
1446;1.759453296661377;
1447;1.7719552516937256;
1448;1.7844569683074951;
1449;1.7969608306884766;
1450;1.8094627857208252;
1451;1.8219647407531738;
1452;1.8344686031341553;
1453;1.8469703197479248;
1454;1.8594722747802734;
1455;1.8719723224639893;
1456;1.884472370147705;
1457;1.896972417831421;
1458;1.9094722270965576;
1459;1.9219722747802734;
1460;1.9344723224639893;
1461;1.946972370147705;
1462;1.959472417831421;
1463;1.9719722270965576;
1464;1.9844722747802734;
1465;1.9969723224639893;
1466;2.009472370147705;
1467;2.021972417831421;
1468;2.0344722270965576;
1469;2.0469722747802734;
1470;2.0594723224639893;
1471;2.071972370147705;
1472;2.084472417831421;
1473;2.0969722270965576;
1474;2.1094722747802734;
1475;2.1219723224639893;
1476;2.134472370147705;
1477;2.146972417831421;
1478;2.1594722270965576;
1479;2.1719722747802734;
1480;2.1844723224639893;
1481;2.196972370147705;
1482;2.209472417831421;
1483;2.2219722270965576;
1484;2.2344722747802734;
1485;2.2469723224639893;
1486;2.259472370147705;
1487;2.271972417831421;
1488;2.2844722270965576;
1489;2.2969722747802734;
1490;2.3094723224639893;
1491;2.321972370147705;
1492;2.334472417831421;
1493;2.3469722270965576;
1494;2.3594722747802734;
1495;2.3719723224639893;
1496;2.384472370147705;
1497;2.396972417831421;
1498;2.4094722270965576;
1499;2.4219722747802734;
1500;2.4344723224639893;
1501;2.446972370147705;
1502;2.459472417831421;
1503;2.4719722270965576;
1504;2.4844722747802734;
1505;2.4969723224639893;
1506;2.509472370147705;
1507;2.521972417831421;
1508;2.5344722270965576;
1509;2.5469722747802734;
1510;2.5594723224639893;
1511;2.571972370147705;
1512;2.584472417831421;
1513;2.5969722270965576;
1514;2.6094722747802734;
1515;2.6219723224639893;
1516;2.634472370147705;
1517;2.646972417831421;
1518;2.6594722270965576;
1519;2.6719722747802734;
1520;2.6844725608825684;
1521;2.696972370147705;
1522;2.709472179412842;
1523;2.7219724655151367;
1524;2.7344722747802734;
1525;2.7469725608825684;
1526;2.759472370147705;
1527;2.771972179412842;
1528;2.7844724655151367;
1529;2.7969722747802734;
1530;2.8094725608825684;
1531;2.821972370147705;
1532;2.834472179412842;
1533;2.8469724655151367;
1534;2.8594722747802734;
1535;2.8719725608825684;
1536;2.884472370147705;
1537;2.896972179412842;
1538;2.9094724655151367;
1539;2.9219722747802734;
1540;2.9344725608825684;
1541;2.946972370147705;
1542;2.959472179412842;
1543;2.9719724655151367;
1544;2.9844722747802734;
1545;2.9969725608825684;
1546;3.009472370147705;
1547;3.021972179412842;
1548;3.0344724655151367;
1549;3.0469722747802734;
1550;3.0594725608825684;
1551;3.071972370147705;
1552;3.084472179412842;
1553;3.0969724655151367;
1554;3.1094722747802734;
1555;3.1219725608825684;
1556;3.134472370147705;
1557;3.146972179412842;
1558;3.1594724655151367;
1559;3.1719722747802734;
1560;3.1844725608825684;
1561;3.196972370147705;
1562;3.209472179412842;
1563;3.2219724655151367;
1564;3.2344722747802734;
1565;3.2469725608825684;
1566;3.259472370147705;
1567;3.271972179412842;
1568;3.2844724655151367;
1569;3.2969722747802734;
1570;3.3094725608825684;
1571;3.321972370147705;
1572;3.334472179412842;
1573;3.3469724655151367;
1574;3.3594722747802734;
1575;3.3719725608825684;
1576;3.384472370147705;
1577;3.396972179412842;
1578;3.4094724655151367;
1579;3.4219722747802734;
1580;3.4344725608825684;
1581;3.446972370147705;
1582;3.459472179412842;
1583;3.4719724655151367;
1584;3.4844722747802734;
1585;3.4969725608825684;
1586;3.509472370147705;
1587;3.521972179412842;
1588;3.5344724655151367;
1589;3.5469722747802734;
1590;3.5594725608825684;
1591;3.571972370147705;
1592;3.584472179412842;
1593;3.5969724655151367;
1594;3.6094722747802734;
1595;3.6219725608825684;
1596;3.634472370147705;
1597;3.646972179412842;
1598;3.6594724655151367;
1599;3.6719722747802734;
1600;3.6844725608825684;
1601;3.696972370147705;
1602;3.709472179412842;
1603;3.7219724655151367;
1604;3.7344722747802734;
1605;3.7469725608825684;
1606;3.759472370147705;
1607;3.771972179412842;
1608;3.7844724655151367;
1609;3.7969722747802734;
1610;3.8094725608825684;
1611;3.821972370147705;
1612;3.834472179412842;
1613;3.8469724655151367;
1614;3.8594722747802734;
1615;3.8719725608825684;
1616;3.884472370147705;
1617;3.896972179412842;
1618;3.9094724655151367;
1619;3.9219722747802734;
1620;3.9344725608825684;
1621;3.946972370147705;
1622;3.959472179412842;
1623;3.9719724655151367;
1624;3.9844722747802734;
1625;3.9969725608825684;
1626;4.009472370147705;
1627;4.021972179412842;
1628;4.034472465515137;
1629;4.046972274780273;
1630;4.059472560882568;
1631;4.071972370147705;
1632;4.084472179412842;
1633;4.096972465515137;
1634;4.109472274780273;
1635;4.121972560882568;
1636;4.134472370147705;
1637;4.146972179412842;
1638;4.159472465515137;
1639;4.171972274780273;
1640;4.184472560882568;
1641;4.196972370147705;
1642;4.209472179412842;
1643;4.221972465515137;
1644;4.234472274780273;
1645;4.246972560882568;
1646;4.259472370147705;
1647;4.271972179412842;
1648;4.284472465515137;
1649;4.296972274780273;
1650;4.309472560882568;
1651;4.321972370147705;
1652;4.334472179412842;
1653;4.346972465515137;
1654;4.359472274780273;
1655;4.371972560882568;
1656;4.384472370147705;
1657;4.396972179412842;
1658;4.409472465515137;
1659;4.421972274780273;
1660;4.434472560882568;
1661;4.446972370147705;
1662;4.459472179412842;
1663;4.471972465515137;
1664;4.484472274780273;
1665;4.496972560882568;
1666;4.509472370147705;
1667;4.521972179412842;
1668;4.534472465515137;
1669;4.546972274780273;
1670;4.559472560882568;
1671;4.571972370147705;
1672;4.584472179412842;
1673;4.596972465515137;
1674;4.609472274780273;
1675;4.621972560882568;
1676;4.634472370147705;
1677;4.646972179412842;
1678;4.659472465515137;
1679;4.671972274780273;
1680;4.684472560882568;
1681;4.696972370147705;
1682;4.709472179412842;
1683;4.721972465515137;
1684;4.734472274780273;
1685;4.746972560882568;
1686;4.759472370147705;
1687;4.771972179412842;
1688;4.784472465515137;
1689;4.796972274780273;
1690;4.809472560882568;
1691;4.821972370147705;
1692;4.834472179412842;
1693;4.846972465515137;
1694;4.859472274780273;
1695;4.871972560882568;
1696;4.884472370147705;
1697;4.896972179412842;
1698;4.909472465515137;
1699;4.921972274780273;
1700;4.934472560882568;
1701;-22.4320011138916;
1702;-22.457561492919922;
1703;-22.48294448852539;
1704;-22.50815773010254;
1705;-22.533206939697266;
1706;-22.558094024658203;
1707;-22.582826614379883;
1708;-22.607410430908203;
1709;-22.631853103637695;
1710;-22.65615463256836;
1711;-22.680326461791992;
1712;-22.704368591308594;
1713;-22.728290557861328;
1714;-22.75209617614746;
1715;-22.77579116821289;
1716;-22.799381256103516;
1717;-22.822872161865234;
1718;-22.846267700195312;
1719;-22.86957550048828;
1720;-22.892797470092773;
1721;-22.915943145751953;
1722;-22.93901824951172;
1723;-22.962024688720703;
1724;-22.984970092773438;
1725;-23.007858276367188;
1726;-23.030696868896484;
1727;-23.053491592407227;
1728;-23.076244354248047;
1729;-23.09896469116211;
1730;-23.12165641784668;
1731;-23.144325256347656;
1732;-23.166976928710938;
1733;-23.189613342285156;
1734;-23.21224594116211;
1735;-23.23487663269043;
1736;-23.257509231567383;
1737;-23.280153274536133;
1738;-23.302812576293945;
1739;-23.32549285888672;
1740;-23.34819793701172;
1741;-23.37093734741211;
1742;-23.39371109008789;
1743;-23.416528701782227;
1744;-23.439393997192383;
1745;-23.462312698364258;
1746;-23.48529052734375;
1747;-23.508331298828125;
1748;-23.531442642211914;
1749;-23.554630279541016;
1750;-23.577896118164062;
1751;-23.60125160217285;
1752;-23.624696731567383;
1753;-23.648239135742188;
1754;-23.671884536743164;
1755;-23.69563865661621;
1756;-23.719505310058594;
1757;-23.743492126464844;
1758;-23.767601013183594;
1759;-23.79184341430664;
1760;-23.816219329833984;
1761;-23.840734481811523;
1762;-23.865398406982422;
1763;-23.890213012695312;
1764;-23.915185928344727;
1765;-23.94032096862793;
1766;-23.965625762939453;
1767;-23.99110221862793;
1768;-24.01675796508789;
1769;-24.042600631713867;
1770;-24.068632125854492;
1771;-24.094858169555664;
1772;-24.121286392211914;
1773;-24.147920608520508;
1774;-24.174766540527344;
1775;-24.20182991027832;
1776;-24.229116439819336;
1777;-24.25663185119629;
1778;-24.284381866455078;
1779;-24.31237030029297;
1780;-24.34060287475586;
1781;-24.36908721923828;
1782;-24.3978271484375;
1783;-24.426828384399414;
1784;-24.456096649169922;
1785;-24.48563575744629;
1786;-24.515453338623047;
1787;-24.54555320739746;
1788;-24.575942993164062;
1789;-24.606624603271484;
1790;-24.63760757446289;
1791;-24.668895721435547;
1792;-24.70049285888672;
1793;-24.732406616210938;
1794;-24.7646427154541;
1795;-24.797204971313477;
1796;-24.830101013183594;
1797;-24.863332748413086;
1798;-24.896907806396484;
1799;-24.930831909179688;
1800;-24.965110778808594;
1801;-24.9997501373291;
1802;-25.034753799438477;
1803;-25.070127487182617;
1804;-25.105876922607422;
1805;-25.142009735107422;
1806;-25.17852783203125;
1807;-25.215438842773438;
1808;-25.252748489379883;
1809;-25.29046058654785;
1810;-25.328582763671875;
1811;-25.36711883544922;
1812;-25.40607452392578;
1813;-25.44545555114746;
1814;-25.485267639160156;
1815;-25.525516510009766;
1816;-25.566204071044922;
1817;-25.607341766357422;
1818;-25.6489315032959;
1819;-25.69097900390625;
1820;-25.733489990234375;
1821;-25.776470184326172;
1822;-25.819923400878906;
1823;-25.863859176635742;
1824;-25.908279418945312;
1825;-25.953189849853516;
1826;-25.998600006103516;
1827;-26.04450798034668;
1828;-26.090925216674805;
1829;-26.137855529785156;
1830;-26.185302734375;
1831;-26.233274459838867;
1832;-26.281776428222656;
1833;-26.330810546875;
1834;-26.380386352539062;
1835;-26.430509567260742;
1836;-26.481182098388672;
1837;-26.53240966796875;
1838;-26.58420181274414;
1839;-26.636560440063477;
1840;-26.689491271972656;
1841;-26.743003845214844;
1842;-26.797096252441406;
1843;-26.85177993774414;
1844;-26.907058715820312;
1845;-26.962936401367188;
1846;-27.019420623779297;
1847;-27.07651710510254;
1848;-27.13422966003418;
1849;-27.192562103271484;
1850;-27.25152587890625;
1851;-27.311120986938477;
1852;-27.371355056762695;
1853;-27.432231903076172;
1854;-27.493759155273438;
1855;-27.55594253540039;
1856;-27.618783950805664;
1857;-27.682292938232422;
1858;-27.746471405029297;
1859;-27.811328887939453;
1860;-27.876869201660156;
1861;-27.943096160888672;
1862;-28.01001739501953;
1863;-28.07763671875;
1864;-28.14596176147461;
1865;-28.214994430541992;
1866;-28.28474235534668;
1867;-28.35521125793457;
1868;-28.426406860351562;
1869;-28.498332977294922;
1870;-28.57099723815918;
1871;-28.644405364990234;
1872;-28.71855926513672;
1873;-28.79346466064453;
1874;-28.86913299560547;
1875;-28.94556427001953;
1876;-29.02276611328125;
1877;-29.100740432739258;
1878;-29.17949676513672;
1879;-29.25904083251953;
1880;-29.33937644958496;
1881;-29.420509338378906;
1882;-29.502443313598633;
1883;-29.585186004638672;
1884;-29.668743133544922;
1885;-29.75311851501465;
1886;-29.838319778442383;
1887;-29.92435073852539;
1888;-30.011215209960938;
1889;-30.098922729492188;
1890;-30.187475204467773;
1891;-30.276880264282227;
1892;-30.367141723632812;
1893;-30.458267211914062;
1894;-30.550262451171875;
1895;-30.64312744140625;
1896;-30.736873626708984;
1897;-30.831504821777344;
1898;-30.92702865600586;
1899;-31.02344512939453;
1900;-31.12076187133789;
1901;-31.21898651123047;
1902;-31.318124771118164;
1903;-31.41817855834961;
1904;-31.51915740966797;
1905;-31.621061325073242;
1906;-31.723901748657227;
1907;-31.827680587768555;
1908;-31.932405471801758;
1909;-32.03807830810547;
1910;-32.14470672607422;
1911;-32.252296447753906;
1912;-32.36085510253906;
1913;-32.47038650512695;
1914;-32.580894470214844;
1915;-32.6923828125;
1916;-32.80486297607422;
1917;-32.918338775634766;
1918;-33.032814025878906;
1919;-33.148292541503906;
1920;-33.26477813720703;
1921;-33.382286071777344;
1922;-33.50080871582031;
1923;-33.620361328125;
1924;-33.74095153808594;
1925;-33.862571716308594;
1926;-33.98523712158203;
1927;-34.10895538330078;
1928;-34.233726501464844;
1929;-34.359554290771484;
1930;-34.4864501953125;
1931;-34.614410400390625;
1932;-34.74345397949219;
1933;-34.87357711791992;
1934;-35.00478744506836;
1935;-35.137088775634766;
1936;-35.27048873901367;
1937;-35.404991149902344;
1938;-35.54060363769531;
1939;-35.677330017089844;
1940;-35.81517791748047;
1941;-35.95415115356445;
1942;-36.09425354003906;
1943;-36.23549270629883;
1944;-36.37787628173828;
1945;-36.52140426635742;
1946;-36.66608428955078;
1947;-36.81192398071289;
1948;-36.958927154541016;
1949;-37.10710144042969;
1950;-37.256446838378906;
1951;-37.40697479248047;
1952;-37.558685302734375;
1953;-37.711585998535156;
1954;-37.865684509277344;
1955;-38.02098846435547;
1956;-38.17749786376953;
1957;-38.33522033691406;
1958;-38.49415588378906;
1959;-38.654319763183594;
1960;-38.815711975097656;
1961;-38.97834014892578;
1962;-39.142208099365234;
1963;-39.30732345581055;
1964;-39.47368621826172;
1965;-39.64130783081055;
1966;-39.8101921081543;
1967;-39.980342864990234;
1968;-40.151763916015625;
1969;-40.32447052001953;
1970;-40.49845504760742;
1971;-40.67373275756836;
1972;-40.850303649902344;
1973;-41.028175354003906;
1974;-41.20735168457031;
1975;-41.387840270996094;
1976;-41.56964111328125;
1977;-41.752769470214844;
1978;-41.937225341796875;
1979;-42.123008728027344;
1980;-42.31013488769531;
1981;-42.49861145019531;
1982;-42.68843078613281;
1983;-42.879600524902344;
1984;-43.07213592529297;
1985;-43.26604080200195;
1986;-43.46131134033203;
1987;-43.65796661376953;
1988;-43.855995178222656;
1989;-44.05541229248047;
1990;-44.2562255859375;
1991;-44.458438873291016;
1992;-44.66205596923828;
1993;-44.86708068847656;
1994;-45.073524475097656;
1995;-45.28138732910156;
1996;-45.49067687988281;
1997;-45.701393127441406;
1998;-45.913551330566406;
1999;-46.12715148925781;
2000;-46.34219741821289;
2001;-46.55870056152344;
2002;-46.77665710449219;
2003;-46.9960823059082;
2004;-47.216976165771484;
2005;-47.43934631347656;
2006;-47.6631965637207;
2007;-47.88853454589844;
2008;-48.115360260009766;
2009;-48.343685150146484;
2010;-48.57351303100586;
2011;-48.80485153198242;
2012;-49.03770446777344;
2013;-49.272071838378906;
2014;-49.507965087890625;
2015;-49.745384216308594;
2016;-49.98434829711914;
2017;-50.22484588623047;
2018;-50.466896057128906;
2019;-50.71049499511719;
2020;-50.955650329589844;
2021;-51.202369689941406;
2022;-51.45065689086914;
2023;-51.70051574707031;
2024;-51.95195770263672;
2025;-52.20498275756836;
2026;-52.4595947265625;
2027;-52.71580505371094;
2028;-52.97361755371094;
2029;-53.23303985595703;
2030;-53.49407196044922;
2031;-53.7567138671875;
2032;-54.02098846435547;
2033;-54.286888122558594;
2034;-54.554420471191406;
2035;-54.82359313964844;
2036;-55.09441375732422;
2037;-55.36688232421875;
2038;-55.6410026550293;
2039;-55.91679382324219;
2040;-56.194244384765625;
2041;-56.47336959838867;
2042;-56.754173278808594;
2043;-57.036659240722656;
2044;-57.320831298828125;
2045;-57.6067008972168;
2046;-57.89426803588867;
2047;-58.18354415893555;
2048;-58.474525451660156;
2049;-58.7672233581543;
2050;-59.0616455078125;
2051;-59.357791900634766;
2052;-59.655670166015625;
2053;-59.955291748046875;
2054;-60.256649017333984;
2055;-60.0;
2056;-60.0;
2057;-60.0;
2058;-60.0;
2059;-60.0;
2060;-60.0;
2061;-60.0;
2062;-60.0;
2063;-60.0;
2064;-60.0;
2065;-60.0;
2066;-60.0;
2067;-60.0;
2068;-60.0;
2069;-60.0;
2070;-60.0;
2071;-60.0;
2072;-60.0;
2073;-60.0;
2074;-60.0;
2075;-60.0;
2076;-60.0;
2077;-60.0;
2078;-60.0;
2079;-60.0;
2080;-60.0;
2081;-60.0;
2082;-60.0;
2083;-60.0;
2084;-60.0;
2085;-60.0;
2086;-60.0;
2087;-60.0;
2088;-60.0;
2089;-60.0;
2090;-60.0;
2091;-60.0;
2092;-60.0;
2093;-60.0;
2094;-60.0;
2095;-60.0;
2096;-60.0;
2097;-60.0;
2098;-60.0;
2099;-60.0;
2100;-60.0;
2101;-60.0;
2102;-60.0;
2103;-60.0;
2104;-60.0;
2105;-60.0;
2106;-60.0;
2107;-60.0;
2108;-60.0;
2109;-60.0;
2110;-60.0;
2111;-60.0;
2112;-60.0;
2113;-60.0;
2114;-60.0;
2115;-60.0;
2116;-60.0;
2117;-60.0;
2118;-60.0;
2119;-60.0;
2120;-60.0;
2121;-60.0;
2122;-60.0;
2123;-60.0;
2124;-60.0;
2125;-60.0;
2126;-60.0;
2127;-60.0;
2128;-60.0;
2129;-60.0;
2130;-60.0;
2131;-60.0;
2132;-60.0;
2133;-60.0;
2134;-60.0;
2135;-60.0;
2136;-60.0;
2137;-60.0;
2138;-60.0;
2139;-60.0;
2140;-60.0;
2141;-60.0;
2142;-60.0;
2143;-60.0;
2144;-60.0;
2145;-60.0;
2146;-60.0;
2147;-60.0;
2148;-60.0;
2149;-60.0;
2150;-60.0;
2151;-60.0;
2152;-60.0;
2153;-60.0;
2154;-60.0;
2155;-60.0;
2156;-60.0;
2157;-60.0;
2158;-60.0;
2159;-60.0;
2160;-60.0;
2161;-60.0;
2162;-60.0;
2163;-60.0;
2164;-60.0;
2165;-60.0;
2166;-60.0;
2167;-60.0;
2168;-60.0;
2169;-60.0;
2170;-60.0;
2171;-60.0;
2172;-60.0;
2173;-60.0;
2174;-60.0;
2175;-60.0;
2176;-60.0;
2177;-60.0;
2178;-60.0;
2179;-60.0;
2180;-60.0;
2181;-60.0;
2182;-60.0;
2183;-60.0;
2184;-60.0;
2185;-60.0;
2186;-60.0;
2187;-60.0;
2188;-60.0;
2189;-60.0;
2190;-60.0;
2191;-60.0;
2192;-60.0;
2193;-60.0;
2194;-60.0;
2195;-60.0;
2196;-60.0;
2197;-60.0;
2198;-60.0;
2199;-60.0;
2200;-60.0;
2201;-60.0;
2202;-60.0;
2203;-60.0;
2204;-60.0;
2205;-60.0;
2206;-60.0;
2207;-60.0;
2208;-60.0;
2209;-60.0;
2210;-60.0;
2211;-60.0;
2212;-60.0;
2213;-60.0;
2214;-60.0;
2215;-60.0;
2216;-60.0;
2217;-60.0;
2218;-60.0;
2219;-60.0;
2220;-60.0;
2221;-60.0;
2222;-60.0;
2223;-60.0;
2224;-60.0;
2225;-60.0;
2226;-60.0;
2227;-60.0;
2228;-60.0;
2229;-60.0;
2230;-60.0;
2231;-60.0;
2232;-60.0;
2233;-60.0;
2234;-60.0;
2235;-60.0;
2236;-60.0;
2237;-60.0;
2238;-60.0;
2239;-60.0;
2240;-60.0;
2241;-60.0;
2242;-60.0;
2243;-60.0;
2244;-60.0;
2245;-60.0;
2246;-60.0;
2247;-60.0;
2248;-60.0;
2249;-60.0;
2250;-60.0;
2251;-60.0;
2252;-60.0;
2253;-60.0;
2254;-60.0;
2255;-60.0;
2256;-60.0;
2257;-60.0;
2258;-60.0;
2259;-60.0;
2260;-60.0;
2261;-60.0;
2262;-60.0;
2263;-60.0;
2264;-60.0;
2265;-60.0;
2266;-60.0;
2267;-60.0;
2268;-60.0;
2269;-60.0;
2270;-60.0;
2271;-60.0;
2272;-60.0;
2273;-60.0;
2274;-60.0;
2275;-60.0;
2276;-60.0;
2277;-60.0;
2278;-60.0;
2279;-60.0;
2280;-60.0;
2281;-60.0;
2282;-60.0;
2283;-60.0;
2284;-60.0;
2285;-60.0;
2286;-60.0;
2287;-60.0;
2288;-60.0;
2289;-60.0;
2290;-60.0;
2291;-60.0;
2292;-60.0;
2293;-60.0;
2294;-60.0;
2295;-60.0;
2296;-60.0;
2297;-60.0;
2298;-60.0;
2299;-60.0;
2300;-2.46240496635437;
2301;-2.4040274620056152;
2302;-2.347486972808838;
2303;-2.2927067279815674;
2304;-2.2396183013916016;
2305;-2.188154935836792;
2306;-2.1382460594177246;
2307;-2.089836597442627;
2308;-2.042863130569458;
2309;-1.9972686767578125;
2310;-1.9529979228973389;
2311;-1.9099994897842407;
2312;-1.8682197332382202;
2313;-1.8276112079620361;
2314;-1.788125991821289;
2315;-1.7497222423553467;
2316;-1.7123523950576782;
2317;-1.6759780645370483;
2318;-1.640559434890747;
2319;-1.6060562133789062;
2320;-1.572432279586792;
2321;-1.539655327796936;
2322;-1.5076888799667358;
2323;-1.4765026569366455;
2324;-1.4460620880126953;
2325;-1.4163367748260498;
2326;-1.3873039484024048;
2327;-1.3589309453964233;
2328;-1.3311951160430908;
2329;-1.3040657043457031;
2330;-1.2775237560272217;
2331;-1.2515407800674438;
2332;-1.2260993719100952;
2333;-1.2011768817901611;
2334;-1.176748275756836;
2335;-1.1527984142303467;
2336;-1.129306435585022;
2337;-1.1062530279159546;
2338;-1.0836212635040283;
2339;-1.0613975524902344;
2340;-1.0395629405975342;
2341;-1.0181002616882324;
2342;-0.9969943761825562;
2343;-0.9762336611747742;
2344;-0.9558029174804688;
2345;-0.935690701007843;
2346;-0.9158836007118225;
2347;-0.8963702917098999;
2348;-0.8771335482597351;
2349;-0.8581695556640625;
2350;-0.8394630551338196;
2351;-0.8210044503211975;
2352;-0.802782416343689;
2353;-0.7847911715507507;
2354;-0.7670192718505859;
2355;-0.7494571805000305;
2356;-0.7320991158485413;
2357;-0.7149337530136108;
2358;-0.6979572176933289;
2359;-0.6811580657958984;
2360;-0.6645343899726868;
2361;-0.6480727791786194;
2362;-0.6317695379257202;
2363;-0.615618884563446;
2364;-0.5996150970458984;
2365;-0.5837505459785461;
2366;-0.568019449710846;
2367;-0.5524200201034546;
2368;-0.5369407534599304;
2369;-0.5215835571289062;
2370;-0.5063408017158508;
2371;-0.49120670557022095;
2372;-0.4761775732040405;
2373;-0.46124953031539917;
2374;-0.44641685485839844;
2375;-0.43167954683303833;
2376;-0.41703373193740845;
2377;-0.4024718999862671;
2378;-0.38799208402633667;
2379;-0.37359046936035156;
2380;-0.3592689037322998;
2381;-0.34501802921295166;
2382;-0.3308357000350952;
2383;-0.31672203540802;
2384;-0.30267333984375;
2385;-0.28868746757507324;
2386;-0.2747608423233032;
2387;-0.2608894109725952;
2388;-0.24707138538360596;
2389;-0.23331069946289062;
2390;-0.21959757804870605;
2391;-0.20593416690826416;
2392;-0.19231641292572021;
2393;-0.17874443531036377;
2394;-0.16521453857421875;
2395;-0.15172648429870605;
2396;-0.13827669620513916;
2397;-0.12486684322357178;
2398;-0.11149322986602783;
2399;-0.09815216064453125;
2400;-0.08484721183776855;
2401;-0.07157289981842041;
2402;-0.058328986167907715;
2403;-0.04511559009552002;
2404;-0.03192901611328125;
2405;-0.01877284049987793;
2406;-0.005641579627990723;
2407;0.00746309757232666;
2408;0.020544886589050293;
2409;0.033603668212890625;
2410;0.04664158821105957;
2411;0.0596545934677124;
2412;0.07264673709869385;
2413;0.08562171459197998;
2414;0.09857749938964844;
2415;0.11151623725891113;
2416;0.12443578243255615;
2417;0.1373382806777954;
2418;0.15022361278533936;
2419;0.16309356689453125;
2420;0.17595219612121582;
2421;0.18879354000091553;
2422;0.2016216516494751;
2423;0.21443641185760498;
2424;0.22723960876464844;
2425;0.24002957344055176;
2426;0.25280797481536865;
2427;0.26557695865631104;
2428;0.27833449840545654;
2429;0.29108238220214844;
2430;0.303818941116333;
2431;0.31654584407806396;
2432;0.3292652368545532;
2433;0.3419750928878784;
2434;0.35467529296875;
2435;0.3673679828643799;
2436;0.38005292415618896;
2437;0.39273035526275635;
2438;0.4054020643234253;
2439;0.41806602478027344;
2440;0.4307224750518799;
2441;0.44337499141693115;
2442;0.4560199975967407;
2443;0.46865928173065186;
2444;0.481292724609375;
2445;0.49392056465148926;
2446;0.5065425634384155;
2447;0.5191589593887329;
2448;0.5317734479904175;
2449;0.5443840026855469;
2450;0.5569889545440674;
2451;0.5695899724960327;
2452;0.5821853876113892;
2453;0.5947808027267456;
2454;0.6073684692382812;
2455;0.6199543476104736;
2456;0.6325362920761108;
2457;0.645114541053772;
2458;0.6576889753341675;
2459;0.6702632904052734;
2460;0.6828339099884033;
2461;0.6954007148742676;
2462;0.707965612411499;
2463;0.7205283641815186;
2464;0.7330894470214844;
2465;0.7456467151641846;
2466;0.7582001686096191;
2467;0.7707536220550537;
2468;0.7833030223846436;
2469;0.7958488464355469;
2470;0.808396577835083;
2471;0.8209404945373535;
2472;0.8334825038909912;
2473;0.8460242748260498;
2474;0.8585624694824219;
2475;0.8710987567901611;
2476;0.8836369514465332;
2477;0.8961694240570068;
2478;0.9087035655975342;
2479;0.9212360382080078;
2480;0.9337666034698486;
2481;0.9462952613830566;
2482;0.9588239192962646;
2483;0.9713504314422607;
2484;0.9838752746582031;
2485;0.9964020252227783;
2486;1.008924961090088;
2487;1.0214498043060303;
2488;1.0339725017547607;
2489;1.0464935302734375;
2490;1.0590145587921143;
2491;1.071535587310791;
2492;1.0840528011322021;
2493;1.096571683883667;
2494;1.109090805053711;
2495;1.1216061115264893;
2496;1.1341214179992676;
2497;1.146636724472046;
2498;1.1591517925262451;
2499;1.1716651916503906;
2500;1.1841785907745361;
2501;1.1966919898986816;
2502;1.2092053890228271;
2503;1.2217185497283936;
2504;1.2342281341552734;
2505;1.2467377185821533;
2506;1.259249210357666;
2507;1.271758794784546;
2508;1.2842700481414795;
2509;1.2967796325683594;
2510;1.3092873096466064;
2511;1.3217968940734863;
2512;1.3343045711517334;
2513;1.3468120098114014;
2514;1.3593196868896484;
2515;1.3718273639678955;
2516;1.3843350410461426;
2517;1.3968427181243896;
2518;1.4093482494354248;
2519;1.421854019165039;
2520;1.4343578815460205;
2521;1.4468636512756348;
2522;1.459369421005249;
2523;1.4718749523162842;
2524;1.4843788146972656;
2525;1.4968845844268799;
2526;1.5093903541564941;
2527;1.5218942165374756;
2528;1.5343997478485107;
2529;1.546905517578125;
2530;1.5594112873077393;
2531;1.571913242340088;
2532;1.5844151973724365;
2533;1.5969188213348389;
2534;1.6094207763671875;
2535;1.621924638748169;
2536;1.6344265937805176;
2537;1.6469285488128662;
2538;1.6594321727752686;
2539;1.6719341278076172;
2540;1.6844360828399658;
2541;1.6969399452209473;
2542;1.709441900253296;
2543;1.7219436168670654;
2544;1.7344474792480469;
2545;1.7469494342803955;
2546;1.759453296661377;
2547;1.7719552516937256;
2548;1.7844569683074951;
2549;1.7969608306884766;
2550;1.8094627857208252;
2551;1.8219647407531738;
2552;1.8344686031341553;
2553;1.8469703197479248;
2554;1.8594722747802734;
2555;1.8719723224639893;
2556;1.884472370147705;
2557;1.896972417831421;
2558;1.9094722270965576;
2559;1.9219722747802734;
2560;1.9344723224639893;
2561;1.946972370147705;
2562;1.959472417831421;
2563;1.9719722270965576;
2564;1.9844722747802734;
2565;1.9969723224639893;
2566;2.009472370147705;
2567;2.021972417831421;
2568;2.0344722270965576;
2569;2.0469722747802734;
2570;2.0594723224639893;
2571;2.071972370147705;
2572;2.084472417831421;
2573;2.0969722270965576;
2574;2.1094722747802734;
2575;2.1219723224639893;
2576;2.134472370147705;
2577;2.146972417831421;
2578;2.1594722270965576;
2579;2.1719722747802734;
2580;2.1844723224639893;
2581;2.196972370147705;
2582;2.209472417831421;
2583;2.2219722270965576;
2584;2.2344722747802734;
2585;2.2469723224639893;
2586;2.259472370147705;
2587;2.271972417831421;
2588;2.2844722270965576;
2589;2.2969722747802734;
2590;2.3094723224639893;
2591;2.321972370147705;
2592;2.334472417831421;
2593;2.3469722270965576;
2594;2.3594722747802734;
2595;2.3719723224639893;
2596;2.384472370147705;
2597;2.396972417831421;
2598;2.4094722270965576;
2599;2.4219722747802734;
2600;2.4344723224639893;
2601;2.446972370147705;
2602;2.459472417831421;
2603;2.4719722270965576;
2604;2.4844722747802734;
2605;2.4969723224639893;
2606;2.509472370147705;
2607;2.521972417831421;
2608;2.5344722270965576;
2609;2.5469722747802734;
2610;2.5594723224639893;
2611;2.571972370147705;
2612;2.584472417831421;
2613;2.5969722270965576;
2614;2.6094722747802734;
2615;2.6219723224639893;
2616;2.634472370147705;
2617;2.646972417831421;
2618;2.6594722270965576;
2619;2.6719722747802734;
2620;2.6844725608825684;
2621;2.696972370147705;
2622;2.709472179412842;
2623;2.7219724655151367;
2624;2.7344722747802734;
2625;2.7469725608825684;
2626;2.759472370147705;
2627;2.771972179412842;
2628;2.7844724655151367;
2629;2.7969722747802734;
2630;2.8094725608825684;
2631;2.821972370147705;
2632;2.834472179412842;
2633;2.8469724655151367;
2634;2.8594722747802734;
2635;2.8719725608825684;
2636;2.884472370147705;
2637;2.896972179412842;
2638;2.9094724655151367;
2639;2.9219722747802734;
2640;2.9344725608825684;
2641;2.946972370147705;
2642;2.959472179412842;
2643;2.9719724655151367;
2644;2.9844722747802734;
2645;2.9969725608825684;
2646;3.009472370147705;
2647;3.021972179412842;
2648;3.0344724655151367;
2649;3.0469722747802734;
2650;3.0594725608825684;
2651;3.071972370147705;
2652;3.084472179412842;
2653;3.0969724655151367;
2654;3.1094722747802734;
2655;3.1219725608825684;
2656;3.134472370147705;
2657;3.146972179412842;
2658;3.1594724655151367;
2659;3.1719722747802734;
2660;3.1844725608825684;
2661;3.196972370147705;
2662;3.209472179412842;
2663;3.2219724655151367;
2664;3.2344722747802734;
2665;3.2469725608825684;
2666;3.259472370147705;
2667;3.271972179412842;
2668;3.2844724655151367;
2669;3.2969722747802734;
2670;3.3094725608825684;
2671;3.321972370147705;
2672;3.334472179412842;
2673;3.3469724655151367;
2674;3.3594722747802734;
2675;3.3719725608825684;
2676;3.384472370147705;
2677;3.396972179412842;
2678;3.4094724655151367;
2679;3.4219722747802734;
2680;3.4344725608825684;
2681;3.446972370147705;
2682;3.459472179412842;
2683;3.4719724655151367;
2684;3.4844722747802734;
2685;3.4969725608825684;
2686;3.509472370147705;
2687;3.521972179412842;
2688;3.5344724655151367;
2689;3.5469722747802734;
2690;3.5594725608825684;
2691;3.571972370147705;
2692;3.584472179412842;
2693;3.5969724655151367;
2694;3.6094722747802734;
2695;3.6219725608825684;
2696;3.634472370147705;
2697;3.646972179412842;
2698;3.6594724655151367;
2699;3.6719722747802734;
2700;3.6844725608825684;
2701;3.696972370147705;
2702;3.709472179412842;
2703;3.7219724655151367;
2704;3.7344722747802734;
2705;3.7469725608825684;
2706;3.759472370147705;
2707;3.771972179412842;
2708;3.7844724655151367;
2709;3.7969722747802734;
2710;3.8094725608825684;
2711;3.821972370147705;
2712;3.834472179412842;
2713;3.8469724655151367;
2714;3.8594722747802734;
2715;3.8719725608825684;
2716;3.884472370147705;
2717;3.896972179412842;
2718;3.9094724655151367;
2719;3.9219722747802734;
2720;3.9344725608825684;
2721;3.946972370147705;
2722;3.959472179412842;
2723;3.9719724655151367;
2724;3.9844722747802734;
2725;3.9969725608825684;
2726;4.009472370147705;
2727;4.021972179412842;
2728;4.034472465515137;
2729;4.046972274780273;
2730;4.059472560882568;
2731;4.071972370147705;
2732;4.084472179412842;
2733;4.096972465515137;
2734;4.109472274780273;
2735;4.121972560882568;
2736;4.134472370147705;
2737;4.146972179412842;
2738;4.159472465515137;
2739;4.171972274780273;
2740;4.184472560882568;
2741;4.196972370147705;
2742;4.209472179412842;
2743;4.221972465515137;
2744;4.234472274780273;
2745;4.246972560882568;
2746;4.259472370147705;
2747;4.271972179412842;
2748;4.284472465515137;
2749;4.296972274780273;
2750;4.309472560882568;
2751;4.321972370147705;
2752;4.334472179412842;
2753;4.346972465515137;
2754;4.359472274780273;
2755;4.371972560882568;
2756;4.384472370147705;
2757;4.396972179412842;
2758;4.409472465515137;
2759;4.421972274780273;
2760;4.434472560882568;
2761;4.446972370147705;
2762;4.459472179412842;
2763;4.471972465515137;
2764;4.484472274780273;
2765;4.496972560882568;
2766;4.509472370147705;
2767;4.521972179412842;
2768;4.534472465515137;
2769;4.546972274780273;
2770;4.559472560882568;
2771;4.571972370147705;
2772;4.584472179412842;
2773;4.596972465515137;
2774;4.609472274780273;
2775;4.621972560882568;
2776;4.634472370147705;
2777;4.646972179412842;
2778;4.659472465515137;
2779;4.671972274780273;
2780;4.684472560882568;
2781;4.696972370147705;
2782;4.709472179412842;
2783;4.721972465515137;
2784;4.734472274780273;
2785;4.746972560882568;
2786;4.759472370147705;
2787;4.771972179412842;
2788;4.784472465515137;
2789;4.796972274780273;
2790;4.809472560882568;
2791;4.821972370147705;
2792;4.834472179412842;
2793;4.846972465515137;
2794;4.859472274780273;
2795;4.871972560882568;
2796;4.884472370147705;
2797;4.896972179412842;
2798;4.909472465515137;
2799;4.921972274780273;
2800;4.934472560882568;
2801;-22.4320011138916;
2802;-22.457561492919922;
2803;-22.48294448852539;
2804;-22.50815773010254;
2805;-22.533206939697266;
2806;-22.558094024658203;
2807;-22.582826614379883;
2808;-22.607410430908203;
2809;-22.631853103637695;
2810;-22.65615463256836;
2811;-22.680326461791992;
2812;-22.704368591308594;
2813;-22.728290557861328;
2814;-22.75209617614746;
2815;-22.77579116821289;
2816;-22.799381256103516;
2817;-22.822872161865234;
2818;-22.846267700195312;
2819;-22.86957550048828;
2820;-22.892797470092773;
2821;-22.915943145751953;
2822;-22.93901824951172;
2823;-22.962024688720703;
2824;-22.984970092773438;
2825;-23.007858276367188;
2826;-23.030696868896484;
2827;-23.053491592407227;
2828;-23.076244354248047;
2829;-23.09896469116211;
2830;-23.12165641784668;
2831;-23.144325256347656;
2832;-23.166976928710938;
2833;-23.189613342285156;
2834;-23.21224594116211;
2835;-23.23487663269043;
2836;-23.257509231567383;
2837;-23.280153274536133;
2838;-23.302812576293945;
2839;-23.32549285888672;
2840;-23.34819793701172;
2841;-23.37093734741211;
2842;-23.39371109008789;
2843;-23.416528701782227;
2844;-23.439393997192383;
2845;-23.462312698364258;
2846;-23.48529052734375;
2847;-23.508331298828125;
2848;-23.531442642211914;
2849;-23.554630279541016;
2850;-23.577896118164062;
2851;-23.60125160217285;
2852;-23.624696731567383;
2853;-23.648239135742188;
2854;-23.671884536743164;
2855;-23.69563865661621;
2856;-23.719505310058594;
2857;-23.743492126464844;
2858;-23.767601013183594;
2859;-23.79184341430664;
2860;-23.816219329833984;
2861;-23.840734481811523;
2862;-23.865398406982422;
2863;-23.890213012695312;
2864;-23.915185928344727;
2865;-23.94032096862793;
2866;-23.965625762939453;
2867;-23.99110221862793;
2868;-24.01675796508789;
2869;-24.042600631713867;
2870;-24.068632125854492;
2871;-24.094858169555664;
2872;-24.121286392211914;
2873;-24.147920608520508;
2874;-24.174766540527344;
2875;-24.20182991027832;
2876;-24.229116439819336;
2877;-24.25663185119629;
2878;-24.284381866455078;
2879;-24.31237030029297;
2880;-24.34060287475586;
2881;-24.36908721923828;
2882;-24.3978271484375;
2883;-24.426828384399414;
2884;-24.456096649169922;
2885;-24.48563575744629;
2886;-24.515453338623047;
2887;-24.54555320739746;
2888;-24.575942993164062;
2889;-24.606624603271484;
2890;-24.63760757446289;
2891;-24.668895721435547;
2892;-24.70049285888672;
2893;-24.732406616210938;
2894;-24.7646427154541;
2895;-24.797204971313477;
2896;-24.830101013183594;
2897;-24.863332748413086;
2898;-24.896907806396484;
2899;-24.930831909179688;
2900;-24.965110778808594;
2901;-24.9997501373291;
2902;-25.034753799438477;
2903;-25.070127487182617;
2904;-25.105876922607422;
2905;-25.142009735107422;
2906;-25.17852783203125;
2907;-25.215438842773438;
2908;-25.252748489379883;
2909;-25.29046058654785;
2910;-25.328582763671875;
2911;-25.36711883544922;
2912;-25.40607452392578;
2913;-25.44545555114746;
2914;-25.485267639160156;
2915;-25.525516510009766;
2916;-25.566204071044922;
2917;-25.607341766357422;
2918;-25.6489315032959;
2919;-25.69097900390625;
2920;-25.733489990234375;
2921;-25.776470184326172;
2922;-25.819923400878906;
2923;-25.863859176635742;
2924;-25.908279418945312;
2925;-25.953189849853516;
2926;-25.998600006103516;
2927;-26.04450798034668;
2928;-26.090925216674805;
2929;-26.137855529785156;
2930;-26.185302734375;
2931;-26.233274459838867;
2932;-26.281776428222656;
2933;-26.330810546875;
2934;-26.380386352539062;
2935;-26.430509567260742;
2936;-26.481182098388672;
2937;-26.53240966796875;
2938;-26.58420181274414;
2939;-26.636560440063477;
2940;-26.689491271972656;
2941;-26.743003845214844;
2942;-26.797096252441406;
2943;-26.85177993774414;
2944;-26.907058715820312;
2945;-26.962936401367188;
2946;-27.019420623779297;
2947;-27.07651710510254;
2948;-27.13422966003418;
2949;-27.192562103271484;
2950;-27.25152587890625;
2951;-27.311120986938477;
2952;-27.371355056762695;
2953;-27.432231903076172;
2954;-27.493759155273438;
2955;-27.55594253540039;
2956;-27.618783950805664;
2957;-27.682292938232422;
2958;-27.746471405029297;
2959;-27.811328887939453;
2960;-27.876869201660156;
2961;-27.943096160888672;
2962;-28.01001739501953;
2963;-28.07763671875;
2964;-28.14596176147461;
2965;-28.214994430541992;
2966;-28.28474235534668;
2967;-28.35521125793457;
2968;-28.426406860351562;
2969;-28.498332977294922;
2970;-28.57099723815918;
2971;-28.644405364990234;
2972;-28.71855926513672;
2973;-28.79346466064453;
2974;-28.86913299560547;
2975;-28.94556427001953;
2976;-29.02276611328125;
2977;-29.100740432739258;
2978;-29.17949676513672;
2979;-29.25904083251953;
2980;-29.33937644958496;
2981;-29.420509338378906;
2982;-29.502443313598633;
2983;-29.585186004638672;
2984;-29.668743133544922;
2985;-29.75311851501465;
2986;-29.838319778442383;
2987;-29.92435073852539;
2988;-30.011215209960938;
2989;-30.098922729492188;
2990;-30.187475204467773;
2991;-30.276880264282227;
2992;-30.367141723632812;
2993;-30.458267211914062;
2994;-30.550262451171875;
2995;-30.64312744140625;
2996;-30.736873626708984;
2997;-30.831504821777344;
2998;-30.92702865600586;
2999;-31.02344512939453;
3000;-31.12076187133789;
3001;-31.21898651123047;
3002;-31.318124771118164;
3003;-31.41817855834961;
3004;-31.51915740966797;
3005;-31.621061325073242;
3006;-31.723901748657227;
3007;-31.827680587768555;
3008;-31.932405471801758;
3009;-32.03807830810547;
3010;-32.14470672607422;
3011;-32.252296447753906;
3012;-32.36085510253906;
3013;-32.47038650512695;
3014;-32.580894470214844;
3015;-32.6923828125;
3016;-32.80486297607422;
3017;-32.918338775634766;
3018;-33.032814025878906;
3019;-33.148292541503906;
3020;-33.26477813720703;
3021;-33.382286071777344;
3022;-33.50080871582031;
3023;-33.620361328125;
3024;-33.74095153808594;
3025;-33.862571716308594;
3026;-33.98523712158203;
3027;-34.10895538330078;
3028;-34.233726501464844;
3029;-34.359554290771484;
3030;-34.4864501953125;
3031;-34.614410400390625;
3032;-34.74345397949219;
3033;-34.87357711791992;
3034;-35.00478744506836;
3035;-35.137088775634766;
3036;-35.27048873901367;
3037;-35.404991149902344;
3038;-35.54060363769531;
3039;-35.677330017089844;
3040;-35.81517791748047;
3041;-35.95415115356445;
3042;-36.09425354003906;
3043;-36.23549270629883;
3044;-36.37787628173828;
3045;-36.52140426635742;
3046;-36.66608428955078;
3047;-36.81192398071289;
3048;-36.958927154541016;
3049;-37.10710144042969;
3050;-37.256446838378906;
3051;-37.40697479248047;
3052;-37.558685302734375;
3053;-37.711585998535156;
3054;-37.865684509277344;
3055;-38.02098846435547;
3056;-38.17749786376953;
3057;-38.33522033691406;
3058;-38.49415588378906;
3059;-38.654319763183594;
3060;-38.815711975097656;
3061;-38.97834014892578;
3062;-39.142208099365234;
3063;-39.30732345581055;
3064;-39.47368621826172;
3065;-39.64130783081055;
3066;-39.8101921081543;
3067;-39.980342864990234;
3068;-40.151763916015625;
3069;-40.32447052001953;
3070;-40.49845504760742;
3071;-40.67373275756836;
3072;-40.850303649902344;
3073;-41.028175354003906;
3074;-41.20735168457031;
3075;-41.387840270996094;
3076;-41.56964111328125;
3077;-41.752769470214844;
3078;-41.937225341796875;
3079;-42.123008728027344;
3080;-42.31013488769531;
3081;-42.49861145019531;
3082;-42.68843078613281;
3083;-42.879600524902344;
3084;-43.07213592529297;
3085;-43.26604080200195;
3086;-43.46131134033203;
3087;-43.65796661376953;
3088;-43.855995178222656;
3089;-44.05541229248047;
3090;-44.2562255859375;
3091;-44.458438873291016;
3092;-44.66205596923828;
3093;-44.86708068847656;
3094;-45.073524475097656;
3095;-45.28138732910156;
3096;-45.49067687988281;
3097;-45.701393127441406;
3098;-45.913551330566406;
3099;-46.12715148925781;
3100;-46.34219741821289;
3101;-46.55870056152344;
3102;-46.77665710449219;
3103;-46.9960823059082;
3104;-47.216976165771484;
3105;-47.43934631347656;
3106;-47.6631965637207;
3107;-47.88853454589844;
3108;-48.115360260009766;
3109;-48.343685150146484;
3110;-48.57351303100586;
3111;-48.80485153198242;
3112;-49.03770446777344;
3113;-49.272071838378906;
3114;-49.507965087890625;
3115;-49.745384216308594;
3116;-49.98434829711914;
3117;-50.22484588623047;
3118;-50.466896057128906;
3119;-50.71049499511719;
3120;-50.955650329589844;
3121;-51.202369689941406;
3122;-51.45065689086914;
3123;-51.70051574707031;
3124;-51.95195770263672;
3125;-52.20498275756836;
3126;-52.4595947265625;
3127;-52.71580505371094;
3128;-52.97361755371094;
3129;-53.23303985595703;
3130;-53.49407196044922;
3131;-53.7567138671875;
3132;-54.02098846435547;
3133;-54.286888122558594;
3134;-54.554420471191406;
3135;-54.82359313964844;
3136;-55.09441375732422;
3137;-55.36688232421875;
3138;-55.6410026550293;
3139;-55.91679382324219;
3140;-56.194244384765625;
3141;-56.47336959838867;
3142;-56.754173278808594;
3143;-57.036659240722656;
3144;-57.320831298828125;
3145;-57.6067008972168;
3146;-57.89426803588867;
3147;-58.18354415893555;
3148;-58.474525451660156;
3149;-58.7672233581543;
3150;-59.0616455078125;
3151;-59.357791900634766;
3152;-59.655670166015625;
3153;-59.955291748046875;
3154;-60.256649017333984;
3155;-60.0;
3156;-60.0;
3157;-60.0;
3158;-60.0;
3159;-60.0;
3160;-60.0;
3161;-60.0;
3162;-60.0;
3163;-60.0;
3164;-60.0;
3165;-60.0;
3166;-60.0;
3167;-60.0;
3168;-60.0;
3169;-60.0;
3170;-60.0;
3171;-60.0;
3172;-60.0;
3173;-60.0;
3174;-60.0;
3175;-60.0;
3176;-60.0;
3177;-60.0;
3178;-60.0;
3179;-60.0;
3180;-60.0;
3181;-60.0;
3182;-60.0;
3183;-60.0;
3184;-60.0;
3185;-60.0;
3186;-60.0;
3187;-60.0;
3188;-60.0;
3189;-60.0;
3190;-60.0;
3191;-60.0;
3192;-60.0;
3193;-60.0;
3194;-60.0;
3195;-60.0;
3196;-60.0;
3197;-60.0;
3198;-60.0;
3199;-60.0;
3200;-60.0;
3201;-60.0;
3202;-60.0;
3203;-60.0;
3204;-60.0;
3205;-60.0;
3206;-60.0;
3207;-60.0;
3208;-60.0;
3209;-60.0;
3210;-60.0;
3211;-60.0;
3212;-60.0;
3213;-60.0;
3214;-60.0;
3215;-60.0;
3216;-60.0;
3217;-60.0;
3218;-60.0;
3219;-60.0;
3220;-60.0;
3221;-60.0;
3222;-60.0;
3223;-60.0;
3224;-60.0;
3225;-60.0;
3226;-60.0;
3227;-60.0;
3228;-60.0;
3229;-60.0;
3230;-60.0;
3231;-60.0;
3232;-60.0;
3233;-60.0;
3234;-60.0;
3235;-60.0;
3236;-60.0;
3237;-60.0;
3238;-60.0;
3239;-60.0;
3240;-60.0;
3241;-60.0;
3242;-60.0;
3243;-60.0;
3244;-60.0;
3245;-60.0;
3246;-60.0;
3247;-60.0;
3248;-60.0;
3249;-60.0;
3250;-60.0;
3251;-60.0;
3252;-60.0;
3253;-60.0;
3254;-60.0;
3255;-60.0;
3256;-60.0;
3257;-60.0;
3258;-60.0;
3259;-60.0;
3260;-60.0;
3261;-60.0;
3262;-60.0;
3263;-60.0;
3264;-60.0;
3265;-60.0;
3266;-60.0;
3267;-60.0;
3268;-60.0;
3269;-60.0;
3270;-60.0;
3271;-60.0;
3272;-60.0;
3273;-60.0;
3274;-60.0;
3275;-60.0;
3276;-60.0;
3277;-60.0;
3278;-60.0;
3279;-60.0;
3280;-60.0;
3281;-60.0;
3282;-60.0;
3283;-60.0;
3284;-60.0;
3285;-60.0;
3286;-60.0;
3287;-60.0;
3288;-60.0;
3289;-60.0;
3290;-60.0;
3291;-60.0;
3292;-60.0;
3293;-60.0;
3294;-60.0;
3295;-60.0;
3296;-60.0;
3297;-60.0;
3298;-60.0;
3299;-60.0;
3300;-60.0;
3301;-60.0;
3302;-60.0;
3303;-60.0;
3304;-60.0;
3305;-60.0;
3306;-60.0;
3307;-60.0;
3308;-60.0;
3309;-60.0;
3310;-60.0;
3311;-60.0;
3312;-60.0;
3313;-60.0;
3314;-60.0;
3315;-60.0;
3316;-60.0;
3317;-60.0;
3318;-60.0;
3319;-60.0;
3320;-60.0;
3321;-60.0;
3322;-60.0;
3323;-60.0;
3324;-60.0;
3325;-60.0;
3326;-60.0;
3327;-60.0;
3328;-60.0;
3329;-60.0;
3330;-60.0;
3331;-60.0;
3332;-60.0;
3333;-60.0;
3334;-60.0;
3335;-60.0;
3336;-60.0;
3337;-60.0;
3338;-60.0;
3339;-60.0;
3340;-60.0;
3341;-60.0;
3342;-60.0;
3343;-60.0;
3344;-60.0;
3345;-60.0;
3346;-60.0;
3347;-60.0;
3348;-60.0;
3349;-60.0;
3350;-60.0;
3351;-60.0;
3352;-60.0;
3353;-60.0;
3354;-60.0;
3355;-60.0;
3356;-60.0;
3357;-60.0;
3358;-60.0;
3359;-60.0;
3360;-60.0;
3361;-60.0;
3362;-60.0;
3363;-60.0;
3364;-60.0;
3365;-60.0;
3366;-60.0;
3367;-60.0;
3368;-60.0;
3369;-60.0;
3370;-60.0;
3371;-60.0;
3372;-60.0;
3373;-60.0;
3374;-60.0;
3375;-60.0;
3376;-60.0;
3377;-60.0;
3378;-60.0;
3379;-60.0;
3380;-60.0;
3381;-60.0;
3382;-60.0;
3383;-60.0;
3384;-60.0;
3385;-60.0;
3386;-60.0;
3387;-60.0;
3388;-60.0;
3389;-60.0;
3390;-60.0;
3391;-60.0;
3392;-60.0;
3393;-60.0;
3394;-60.0;
3395;-60.0;
3396;-60.0;
3397;-60.0;
3398;-60.0;
3399;-60.0;
3400;-60.0;
3401;-60.0;
3402;-60.0;
3403;-60.0;
3404;-60.0;
3405;-60.0;
3406;-60.0;
3407;-60.0;
3408;-60.0;
3409;-60.0;
3410;-60.0;
3411;-60.0;
3412;-60.0;
3413;-60.0;
3414;-60.0;
3415;-60.0;
3416;-60.0;
3417;-60.0;
3418;-60.0;
3419;-60.0;
3420;-60.0;
3421;-60.0;
3422;-60.0;
3423;-60.0;
3424;-60.0;
3425;-60.0;
3426;-60.0;
3427;-60.0;
3428;-60.0;
3429;-60.0;
3430;-60.0;
3431;-60.0;
3432;-60.0;
3433;-60.0;
3434;-60.0;
3435;-60.0;
3436;-60.0;
3437;-60.0;
3438;-60.0;
3439;-60.0;
3440;-60.0;
3441;-60.0;
3442;-60.0;
3443;-60.0;
3444;-60.0;
3445;-60.0;
3446;-60.0;
3447;-60.0;
3448;-60.0;
3449;-60.0;
3450;-60.0;
3451;-60.0;
3452;-60.0;
3453;-60.0;
3454;-60.0;
3455;-60.0;
3456;-60.0;
3457;-60.0;
3458;-60.0;
3459;-60.0;
3460;-60.0;
3461;-60.0;
3462;-60.0;
3463;-60.0;
3464;-60.0;
3465;-60.0;
3466;-60.0;
3467;-60.0;
3468;-60.0;
3469;-60.0;
3470;-60.0;
3471;-60.0;
3472;-60.0;
3473;-60.0;
3474;-60.0;
3475;-60.0;
3476;-60.0;
3477;-60.0;
3478;-60.0;
3479;-60.0;
3480;-60.0;
3481;-60.0;
3482;-60.0;
3483;-60.0;
3484;-60.0;
3485;-60.0;
3486;-60.0;
3487;-60.0;
3488;-60.0;
3489;-60.0;
3490;-60.0;
3491;-60.0;
3492;-60.0;
3493;-60.0;
3494;-60.0;
3495;-60.0;
3496;-60.0;
3497;-60.0;
3498;-60.0;
3499;-60.0;
