1;0.0;
2;0.0;
3;0.0;
4;0.0;
5;0.0;
6;0.0;
7;0.0;
8;0.0;
9;0.0;
10;0.0;
11;0.0;
12;0.0;
13;0.0;
14;0.0;
15;0.0;
16;0.0;
17;0.0;
18;0.0;
19;0.0;
20;0.0;
21;0.0;
22;0.0;
23;0.0;
24;0.0;
25;0.0;
26;0.0;
27;0.0;
28;0.0;
29;0.0;
30;0.0;
31;0.0;
32;0.0;
33;0.0;
34;0.0;
35;0.0;
36;0.0;
37;0.0;
38;0.0;
39;0.0;
40;0.0;
41;0.0;
42;0.0;
43;0.0;
44;0.0;
45;0.0;
46;0.0;
47;0.0;
48;0.0;
49;0.0;
50;-27.649999618530273;
51;-25.50727081298828;
52;-23.489246368408203;
53;-21.588672637939453;
54;-19.7987117767334;
55;-18.112926483154297;
56;-16.525253295898438;
57;-15.029985427856445;
58;-13.621740341186523;
59;-12.295455932617188;
60;-11.04636001586914;
61;-9.86996078491211;
62;-8.762029647827148;
63;-7.71858024597168;
64;-6.735857009887695;
65;-5.810331344604492;
66;-4.938671112060547;
67;-4.117742538452148;
68;-3.3445892333984375;
69;-2.6164321899414062;
70;-1.9306564331054688;
71;-1.2847938537597656;
72;-0.6765174865722656;
73;-0.10364532470703125;
74;0.4358863830566406;
75;0.9440174102783203;
76;1.4225749969482422;
77;1.873281478881836;
78;2.2977561950683594;
79;2.697528839111328;
80;3.0740318298339844;
81;3.4286231994628906;
82;3.7625770568847656;
83;4.077095031738281;
84;4.373310089111328;
85;4.65228271484375;
86;4.915019989013672;
87;5.162467956542969;
88;5.395511627197266;
89;5.614990234375;
90;5.821697235107422;
91;6.016376495361328;
92;6.1997222900390625;
93;6.372398376464844;
94;6.535026550292969;
95;6.6881866455078125;
96;6.832435607910156;
97;6.968288421630859;
98;7.096233367919922;
99;7.216732025146484;
100;7.330219268798828;
101;7.437103271484375;
102;7.537761688232422;
103;7.632560729980469;
104;7.721843719482422;
105;7.805931091308594;
106;7.885124206542969;
107;7.959709167480469;
108;8.029956817626953;
109;8.096115112304688;
110;8.15842056274414;
111;8.217098236083984;
112;8.27236557006836;
113;8.324413299560547;
114;8.373432159423828;
115;8.419597625732422;
116;8.463077545166016;
117;8.5040283203125;
118;8.542591094970703;
119;8.578910827636719;
120;8.613121032714844;
121;8.645336151123047;
122;8.675674438476562;
123;8.70425033569336;
124;8.731163024902344;
125;8.756507873535156;
126;8.780380249023438;
127;8.802864074707031;
128;8.824039459228516;
129;8.843978881835938;
130;8.862762451171875;
131;8.880447387695312;
132;8.897106170654297;
133;8.912792205810547;
134;8.927566528320312;
135;8.941482543945312;
136;8.95458984375;
137;8.966934204101562;
138;8.978557586669922;
139;8.989501953125;
140;8.999809265136719;
141;9.009521484375;
142;9.018665313720703;
143;9.027278900146484;
144;9.035392761230469;
145;9.04302978515625;
146;9.050224304199219;
147;9.056999206542969;
148;9.063385009765625;
149;9.069393157958984;
150;9.075054168701172;
151;9.08038330078125;
152;9.085403442382812;
153;9.090133666992188;
154;9.094589233398438;
155;9.098785400390625;
156;9.102733612060547;
157;9.106452941894531;
158;9.10995864868164;
159;9.113258361816406;
160;9.11636734008789;
161;9.119293212890625;
162;9.122051239013672;
163;9.124645233154297;
164;9.127094268798828;
165;9.129398345947266;
166;9.131568908691406;
167;9.133609771728516;
168;9.13553237915039;
169;9.137344360351562;
170;9.139053344726562;
171;9.140663146972656;
172;9.14217758178711;
173;9.143600463867188;
174;9.144943237304688;
175;9.14620590209961;
176;9.14739990234375;
177;9.148517608642578;
178;9.149578094482422;
179;9.15057373046875;
180;9.151508331298828;
181;9.152393341064453;
182;9.153221130371094;
183;9.154006958007812;
184;9.154739379882812;
185;9.155433654785156;
186;9.156089782714844;
187;9.15670394897461;
188;9.157283782958984;
189;9.157829284667969;
190;9.158344268798828;
191;9.158828735351562;
192;9.159286499023438;
193;9.159717559814453;
194;9.160118103027344;
195;9.160499572753906;
196;9.160858154296875;
197;9.16119384765625;
198;9.161514282226562;
199;9.161815643310547;
200;9.162097930908203;
201;9.162361145019531;
202;9.162612915039062;
203;9.162849426269531;
204;9.163074493408203;
205;9.163284301757812;
206;9.163482666015625;
207;9.163665771484375;
208;9.163841247558594;
209;9.164005279541016;
210;9.16415786743164;
211;9.164302825927734;
212;9.164440155029297;
213;9.164569854736328;
214;9.164691925048828;
215;9.164806365966797;
216;9.1649169921875;
217;9.165019989013672;
218;9.165111541748047;
219;9.165203094482422;
220;9.165287017822266;
221;9.165367126464844;
222;9.165443420410156;
223;9.165515899658203;
224;9.165584564208984;
225;9.165645599365234;
226;9.165702819824219;
227;9.165763854980469;
228;9.165817260742188;
229;9.16586685180664;
230;9.165908813476562;
231;9.16595458984375;
232;9.165996551513672;
233;9.166034698486328;
234;9.166072845458984;
235;9.166107177734375;
236;9.1661376953125;
237;9.16617202758789;
238;9.16619873046875;
239;9.16622543334961;
240;9.166252136230469;
241;9.166275024414062;
242;9.166297912597656;
243;9.166316986083984;
244;9.166336059570312;
245;9.16635513305664;
246;9.166370391845703;
247;9.166389465332031;
248;9.16640853881836;
249;9.166419982910156;
250;9.166435241699219;
251;9.166446685791016;
252;9.166461944580078;
253;9.16647720336914;
254;9.166484832763672;
255;9.166492462158203;
256;9.16650390625;
257;9.166511535644531;
258;9.166519165039062;
259;9.16653060913086;
260;9.16653823852539;
261;9.166545867919922;
262;9.166549682617188;
263;9.166557312011719;
264;9.166561126708984;
265;9.16656494140625;
266;9.166568756103516;
267;9.166572570800781;
268;9.166580200195312;
269;9.166584014892578;
270;9.166587829589844;
271;9.16659164428711;
272;9.166595458984375;
273;9.16659927368164;
274;9.166606903076172;
275;9.166610717773438;
276;9.166614532470703;
277;9.166618347167969;
278;9.166622161865234;
279;9.1666259765625;
280;9.166633605957031;
281;9.166633605957031;
282;9.166633605957031;
283;9.166633605957031;
284;9.166633605957031;
285;9.166633605957031;
286;9.166633605957031;
287;9.166633605957031;
288;9.166633605957031;
289;9.166633605957031;
290;9.166633605957031;
291;9.166633605957031;
292;9.166633605957031;
293;9.166633605957031;
294;9.166633605957031;
295;9.166633605957031;
296;9.166633605957031;
297;9.166633605957031;
298;9.166633605957031;
299;9.166633605957031;
300;9.166633605957031;
301;9.166633605957031;
302;9.166633605957031;
303;9.166633605957031;
304;9.166633605957031;
305;9.166633605957031;
306;9.166633605957031;
307;9.166633605957031;
308;9.166633605957031;
309;9.166633605957031;
310;9.166633605957031;
311;9.166633605957031;
312;9.166633605957031;
313;9.166633605957031;
314;9.166633605957031;
315;9.166633605957031;
316;9.166633605957031;
317;9.166633605957031;
318;9.166633605957031;
319;9.166633605957031;
320;9.166633605957031;
321;9.166633605957031;
322;9.166633605957031;
323;9.166633605957031;
324;9.166633605957031;
325;9.166633605957031;
326;9.166633605957031;
327;9.166633605957031;
328;9.166633605957031;
329;9.166633605957031;
330;9.166633605957031;
331;9.166633605957031;
332;9.166633605957031;
333;9.166633605957031;
334;9.166633605957031;
335;9.166633605957031;
336;9.166633605957031;
337;9.166633605957031;
338;9.166633605957031;
339;9.166633605957031;
340;9.166633605957031;
341;9.166633605957031;
342;9.166633605957031;
343;9.166633605957031;
344;9.166633605957031;
345;9.166633605957031;
346;9.166633605957031;
347;9.166633605957031;
348;9.166633605957031;
349;9.166633605957031;
350;9.166633605957031;
351;9.166633605957031;
352;9.166633605957031;
353;9.166633605957031;
354;9.166633605957031;
355;9.166633605957031;
356;9.166633605957031;
357;9.166633605957031;
358;9.166633605957031;
359;9.166633605957031;
360;9.166633605957031;
361;9.166633605957031;
362;9.166633605957031;
363;9.166633605957031;
364;9.166633605957031;
365;9.166633605957031;
366;9.166633605957031;
367;9.166633605957031;
368;9.166633605957031;
369;9.166633605957031;
370;9.166633605957031;
371;9.166633605957031;
372;9.166633605957031;
373;9.166633605957031;
374;9.166633605957031;
375;9.166633605957031;
376;9.166633605957031;
377;9.166633605957031;
378;9.166633605957031;
379;9.166633605957031;
380;9.166633605957031;
381;9.166633605957031;
382;9.166633605957031;
383;9.166633605957031;
384;9.166633605957031;
385;9.166633605957031;
386;9.166633605957031;
387;9.166633605957031;
388;9.166633605957031;
389;9.166633605957031;
390;9.166633605957031;
391;9.166633605957031;
392;9.166633605957031;
393;9.166633605957031;
394;9.166633605957031;
395;9.166633605957031;
396;9.166633605957031;
397;9.166633605957031;
398;9.166633605957031;
399;9.166633605957031;
400;9.166633605957031;
401;9.166633605957031;
402;9.166633605957031;
403;9.166633605957031;
404;9.166633605957031;
405;9.166633605957031;
406;9.166633605957031;
407;9.166633605957031;
408;9.166633605957031;
409;9.166633605957031;
410;9.166633605957031;
411;9.166633605957031;
412;9.166633605957031;
413;9.166633605957031;
414;9.166633605957031;
415;9.166633605957031;
416;9.166633605957031;
417;9.166633605957031;
418;9.166633605957031;
419;9.166633605957031;
420;9.166633605957031;
421;9.166633605957031;
422;9.166633605957031;
423;9.166633605957031;
424;9.166633605957031;
425;9.166633605957031;
426;9.166633605957031;
427;9.166633605957031;
428;9.166633605957031;
429;9.166633605957031;
430;9.166633605957031;
431;9.166633605957031;
432;9.166633605957031;
433;9.166633605957031;
434;9.166633605957031;
435;9.166633605957031;
436;9.166633605957031;
437;9.166633605957031;
438;9.166633605957031;
439;9.166633605957031;
440;9.166633605957031;
441;9.166633605957031;
442;9.166633605957031;
443;9.166633605957031;
444;9.166633605957031;
445;9.166633605957031;
446;9.166633605957031;
447;9.166633605957031;
448;9.166633605957031;
449;9.166633605957031;
450;9.166633605957031;
451;9.166633605957031;
452;9.166633605957031;
453;9.166633605957031;
454;9.166633605957031;
455;9.166633605957031;
456;9.166633605957031;
457;9.166633605957031;
458;9.166633605957031;
459;9.166633605957031;
460;9.166633605957031;
461;9.166633605957031;
462;9.166633605957031;
463;9.166633605957031;
464;9.166633605957031;
465;9.166633605957031;
466;9.166633605957031;
467;9.166633605957031;
468;9.166633605957031;
469;9.166633605957031;
470;9.166633605957031;
471;9.166633605957031;
472;9.166633605957031;
473;9.166633605957031;
474;9.166633605957031;
475;9.166633605957031;
476;9.166633605957031;
477;9.166633605957031;
478;9.166633605957031;
479;9.166633605957031;
480;9.166633605957031;
481;9.166633605957031;
482;9.166633605957031;
483;9.166633605957031;
484;9.166633605957031;
485;9.166633605957031;
486;9.166633605957031;
487;9.166633605957031;
488;9.166633605957031;
489;9.166633605957031;
490;9.166633605957031;
491;9.166633605957031;
492;9.166633605957031;
493;9.166633605957031;
494;9.166633605957031;
495;9.166633605957031;
496;9.166633605957031;
497;9.166633605957031;
498;9.166633605957031;
499;9.166633605957031;
500;9.166633605957031;
501;9.166633605957031;
502;9.166633605957031;
503;9.166633605957031;
504;9.166633605957031;
505;9.166633605957031;
506;9.166633605957031;
507;9.166633605957031;
508;9.166633605957031;
509;9.166633605957031;
510;9.166633605957031;
511;9.166633605957031;
512;9.166633605957031;
513;9.166633605957031;
514;9.166633605957031;
515;9.166633605957031;
516;9.166633605957031;
517;9.166633605957031;
518;9.166633605957031;
519;9.166633605957031;
520;9.166633605957031;
521;9.166633605957031;
522;9.166633605957031;
523;9.166633605957031;
524;9.166633605957031;
525;9.166633605957031;
526;9.166633605957031;
527;9.166633605957031;
528;9.166633605957031;
529;9.166633605957031;
530;9.166633605957031;
531;9.166633605957031;
532;9.166633605957031;
533;9.166633605957031;
534;9.166633605957031;
535;9.166633605957031;
536;9.166633605957031;
537;9.166633605957031;
538;9.166633605957031;
539;9.166633605957031;
540;9.166633605957031;
541;9.166633605957031;
542;9.166633605957031;
543;9.166633605957031;
544;9.166633605957031;
545;9.166633605957031;
546;9.166633605957031;
547;9.166633605957031;
548;9.166633605957031;
549;9.166633605957031;
550;9.166633605957031;
551;9.166633605957031;
552;9.166633605957031;
553;9.166633605957031;
554;9.166633605957031;
555;9.166633605957031;
556;9.166633605957031;
557;9.166633605957031;
558;9.166633605957031;
559;9.166633605957031;
560;9.166633605957031;
561;9.166633605957031;
562;9.166633605957031;
563;9.166633605957031;
564;9.166633605957031;
565;9.166633605957031;
566;9.166633605957031;
567;9.166633605957031;
568;9.166633605957031;
569;9.166633605957031;
570;9.166633605957031;
571;9.166633605957031;
572;9.166633605957031;
573;9.166633605957031;
574;9.166633605957031;
575;9.166633605957031;
576;9.166633605957031;
577;9.166633605957031;
578;9.166633605957031;
579;9.166633605957031;
580;9.166633605957031;
581;9.166633605957031;
582;9.166633605957031;
583;9.166633605957031;
584;9.166633605957031;
585;9.166633605957031;
586;9.166633605957031;
587;9.166633605957031;
588;9.166633605957031;
589;9.166633605957031;
590;9.166633605957031;
591;9.166633605957031;
592;9.166633605957031;
593;9.166633605957031;
594;9.166633605957031;
595;9.166633605957031;
596;9.166633605957031;
597;9.166633605957031;
598;9.166633605957031;
599;9.166633605957031;
600;9.166633605957031;
601;9.166633605957031;
602;9.166633605957031;
603;9.166633605957031;
604;9.166633605957031;
605;9.166633605957031;
606;9.166633605957031;
607;9.166633605957031;
608;9.166633605957031;
609;9.166633605957031;
610;9.166633605957031;
611;9.166633605957031;
612;9.166633605957031;
613;9.166633605957031;
614;9.166633605957031;
615;9.166633605957031;
616;9.166633605957031;
617;9.166633605957031;
618;9.166633605957031;
619;9.166633605957031;
620;9.166633605957031;
621;9.166633605957031;
622;9.166633605957031;
623;9.166633605957031;
624;9.166633605957031;
625;9.166633605957031;
626;9.166633605957031;
627;9.166633605957031;
628;9.166633605957031;
629;9.166633605957031;
630;9.166633605957031;
631;9.166633605957031;
632;9.166633605957031;
633;9.166633605957031;
634;9.166633605957031;
635;9.166633605957031;
636;9.166633605957031;
637;9.166633605957031;
638;9.166633605957031;
639;9.166633605957031;
640;9.166633605957031;
641;9.166633605957031;
642;9.166633605957031;
643;9.166633605957031;
644;9.166633605957031;
645;9.166633605957031;
646;9.166633605957031;
647;9.166633605957031;
648;9.166633605957031;
649;9.166633605957031;
650;9.166633605957031;
651;9.166633605957031;
652;9.166633605957031;
653;9.166633605957031;
654;9.166633605957031;
655;9.166633605957031;
656;9.166633605957031;
657;9.166633605957031;
658;9.166633605957031;
659;9.166633605957031;
660;9.166633605957031;
661;9.166633605957031;
662;9.166633605957031;
663;9.166633605957031;
664;9.166633605957031;
665;9.166633605957031;
666;9.166633605957031;
667;9.166633605957031;
668;9.166633605957031;
669;9.166633605957031;
670;9.166633605957031;
671;9.166633605957031;
672;9.166633605957031;
673;9.166633605957031;
674;9.166633605957031;
675;9.166633605957031;
676;9.166633605957031;
677;9.166633605957031;
678;9.166633605957031;
679;9.166633605957031;
680;9.166633605957031;
681;9.166633605957031;
682;9.166633605957031;
683;9.166633605957031;
684;9.166633605957031;
685;9.166633605957031;
686;9.166633605957031;
687;9.166633605957031;
688;9.166633605957031;
689;9.166633605957031;
690;9.166633605957031;
691;9.166633605957031;
692;9.166633605957031;
693;9.166633605957031;
694;9.166633605957031;
695;9.166633605957031;
696;9.166633605957031;
697;9.166633605957031;
698;9.166633605957031;
699;9.166633605957031;
700;9.166633605957031;
701;9.166633605957031;
702;9.166633605957031;
703;9.166633605957031;
704;9.166633605957031;
705;9.166633605957031;
706;9.166633605957031;
707;9.166633605957031;
708;9.166633605957031;
709;9.166633605957031;
710;9.166633605957031;
711;9.166633605957031;
712;9.166633605957031;
713;9.166633605957031;
714;9.166633605957031;
715;9.166633605957031;
716;9.166633605957031;
717;9.166633605957031;
718;9.166633605957031;
719;9.166633605957031;
720;9.166633605957031;
721;9.166633605957031;
722;9.166633605957031;
723;9.166633605957031;
724;9.166633605957031;
725;9.166633605957031;
726;9.166633605957031;
727;9.166633605957031;
728;9.166633605957031;
729;9.166633605957031;
730;9.166633605957031;
731;9.166633605957031;
732;9.166633605957031;
733;9.166633605957031;
734;9.166633605957031;
735;9.166633605957031;
736;9.166633605957031;
737;9.166633605957031;
738;9.166633605957031;
739;9.166633605957031;
740;9.166633605957031;
741;9.166633605957031;
742;9.166633605957031;
743;9.166633605957031;
744;9.166633605957031;
745;9.166633605957031;
746;9.166633605957031;
747;9.166633605957031;
748;9.166633605957031;
749;9.166633605957031;
750;9.166633605957031;
751;9.166633605957031;
752;9.166633605957031;
753;9.166633605957031;
754;9.166633605957031;
755;9.166633605957031;
756;9.166633605957031;
757;9.166633605957031;
758;9.166633605957031;
759;9.166633605957031;
760;9.166633605957031;
761;9.166633605957031;
762;9.166633605957031;
763;9.166633605957031;
764;9.166633605957031;
765;9.166633605957031;
766;9.166633605957031;
767;9.166633605957031;
768;9.166633605957031;
769;9.166633605957031;
770;9.166633605957031;
771;9.166633605957031;
772;9.166633605957031;
773;9.166633605957031;
774;9.166633605957031;
775;9.166633605957031;
776;9.166633605957031;
777;9.166633605957031;
778;9.166633605957031;
779;9.166633605957031;
780;9.166633605957031;
781;9.166633605957031;
782;9.166633605957031;
783;9.166633605957031;
784;9.166633605957031;
785;9.166633605957031;
786;9.166633605957031;
787;9.166633605957031;
788;9.166633605957031;
789;9.166633605957031;
790;9.166633605957031;
791;9.166633605957031;
792;9.166633605957031;
793;9.166633605957031;
794;9.166633605957031;
795;9.166633605957031;
796;9.166633605957031;
797;9.166633605957031;
798;9.166633605957031;
799;9.166633605957031;
800;9.166633605957031;
801;9.166633605957031;
802;9.166633605957031;
803;9.166633605957031;
804;9.166633605957031;
805;9.166633605957031;
806;9.166633605957031;
807;9.166633605957031;
808;9.166633605957031;
809;9.166633605957031;
810;9.166633605957031;
811;9.166633605957031;
812;9.166633605957031;
813;9.166633605957031;
814;9.166633605957031;
815;9.166633605957031;
816;9.166633605957031;
817;9.166633605957031;
818;9.166633605957031;
819;9.166633605957031;
820;9.166633605957031;
821;9.166633605957031;
822;9.166633605957031;
823;9.166633605957031;
824;9.166633605957031;
825;9.166633605957031;
826;9.166633605957031;
827;9.166633605957031;
828;9.166633605957031;
829;9.166633605957031;
830;9.166633605957031;
831;9.166633605957031;
832;9.166633605957031;
833;9.166633605957031;
834;9.166633605957031;
835;9.166633605957031;
836;9.166633605957031;
837;9.166633605957031;
838;9.166633605957031;
839;9.166633605957031;
840;9.166633605957031;
841;9.166633605957031;
842;9.166633605957031;
843;9.166633605957031;
844;9.166633605957031;
845;9.166633605957031;
846;9.166633605957031;
847;9.166633605957031;
848;9.166633605957031;
849;9.166633605957031;
850;9.166633605957031;
851;9.166633605957031;
852;9.166633605957031;
853;9.166633605957031;
854;9.166633605957031;
855;9.166633605957031;
856;9.166633605957031;
857;9.166633605957031;
858;9.166633605957031;
859;9.166633605957031;
860;9.166633605957031;
861;9.166633605957031;
862;9.166633605957031;
863;9.166633605957031;
864;9.166633605957031;
865;9.166633605957031;
866;9.166633605957031;
867;9.166633605957031;
868;9.166633605957031;
869;9.166633605957031;
870;9.166633605957031;
871;9.166633605957031;
872;9.166633605957031;
873;9.166633605957031;
874;9.166633605957031;
875;9.166633605957031;
876;9.166633605957031;
877;9.166633605957031;
878;9.166633605957031;
879;9.166633605957031;
880;9.166633605957031;
881;9.166633605957031;
882;9.166633605957031;
883;9.166633605957031;
884;9.166633605957031;
885;9.166633605957031;
886;9.166633605957031;
887;9.166633605957031;
888;9.166633605957031;
889;9.166633605957031;
890;9.166633605957031;
891;9.166633605957031;
892;9.166633605957031;
893;9.166633605957031;
894;9.166633605957031;
895;9.166633605957031;
896;9.166633605957031;
897;9.166633605957031;
898;9.166633605957031;
899;9.166633605957031;
900;9.166633605957031;
901;9.166633605957031;
902;9.166633605957031;
903;9.166633605957031;
904;9.166633605957031;
905;9.166633605957031;
906;9.166633605957031;
907;9.166633605957031;
908;9.166633605957031;
909;9.166633605957031;
910;9.166633605957031;
911;9.166633605957031;
912;9.166633605957031;
913;9.166633605957031;
914;9.166633605957031;
915;9.166633605957031;
916;9.166633605957031;
917;9.166633605957031;
918;9.166633605957031;
919;9.166633605957031;
920;9.166633605957031;
921;9.166633605957031;
922;9.166633605957031;
923;9.166633605957031;
924;9.166633605957031;
925;9.166633605957031;
926;9.166633605957031;
927;9.166633605957031;
928;9.166633605957031;
929;9.166633605957031;
930;9.166633605957031;
931;9.166633605957031;
932;9.166633605957031;
933;9.166633605957031;
934;9.166633605957031;
935;9.166633605957031;
936;9.166633605957031;
937;9.166633605957031;
938;9.166633605957031;
939;9.166633605957031;
940;9.166633605957031;
941;9.166633605957031;
942;9.166633605957031;
943;9.166633605957031;
944;9.166633605957031;
945;9.166633605957031;
946;9.166633605957031;
947;9.166633605957031;
948;9.166633605957031;
949;9.166633605957031;
950;9.166633605957031;
951;9.166633605957031;
952;9.166633605957031;
953;9.166633605957031;
954;9.166633605957031;
955;9.166633605957031;
956;9.166633605957031;
957;9.166633605957031;
958;9.166633605957031;
959;9.166633605957031;
960;9.166633605957031;
961;9.166633605957031;
962;9.166633605957031;
963;9.166633605957031;
964;9.166633605957031;
965;9.166633605957031;
966;9.166633605957031;
967;9.166633605957031;
968;9.166633605957031;
969;9.166633605957031;
970;9.166633605957031;
971;9.166633605957031;
972;9.166633605957031;
973;9.166633605957031;
974;9.166633605957031;
975;9.166633605957031;
976;9.166633605957031;
977;9.166633605957031;
978;9.166633605957031;
979;9.166633605957031;
980;9.166633605957031;
981;9.166633605957031;
982;9.166633605957031;
983;9.166633605957031;
984;9.166633605957031;
985;9.166633605957031;
986;9.166633605957031;
987;9.166633605957031;
988;9.166633605957031;
989;9.166633605957031;
990;9.166633605957031;
991;9.166633605957031;
992;9.166633605957031;
993;9.166633605957031;
994;9.166633605957031;
995;9.166633605957031;
996;9.166633605957031;
997;9.166633605957031;
998;9.166633605957031;
999;9.166633605957031;
1000;9.166633605957031;
1001;0.0;
1002;0.0;
1003;0.0;
1004;0.0;
1005;0.0;
1006;0.0;
1007;0.0;
1008;0.0;
1009;0.0;
1010;0.0;
1011;0.0;
1012;0.0;
1013;0.0;
1014;0.0;
1015;0.0;
1016;0.0;
1017;0.0;
1018;0.0;
1019;0.0;
1020;0.0;
1021;0.0;
1022;0.0;
1023;0.0;
1024;0.0;
1025;0.0;
1026;0.0;
1027;0.0;
1028;0.0;
1029;0.0;
1030;0.0;
1031;0.0;
1032;0.0;
1033;0.0;
1034;0.0;
1035;0.0;
1036;0.0;
1037;0.0;
1038;0.0;
1039;0.0;
1040;0.0;
1041;0.0;
1042;0.0;
1043;0.0;
1044;0.0;
1045;0.0;
1046;0.0;
1047;0.0;
1048;0.0;
1049;0.0;
1050;0.0;
1051;0.0;
1052;0.0;
1053;0.0;
1054;0.0;
1055;0.0;
1056;0.0;
1057;0.0;
1058;0.0;
1059;0.0;
1060;0.0;
1061;0.0;
1062;0.0;
1063;0.0;
1064;0.0;
1065;0.0;
1066;0.0;
1067;0.0;
1068;0.0;
1069;0.0;
1070;0.0;
1071;0.0;
1072;0.0;
1073;0.0;
1074;0.0;
1075;0.0;
1076;0.0;
1077;0.0;
1078;0.0;
1079;0.0;
1080;0.0;
1081;0.0;
1082;0.0;
1083;0.0;
1084;0.0;
1085;0.0;
1086;0.0;
1087;0.0;
1088;0.0;
1089;0.0;
1090;0.0;
1091;0.0;
1092;0.0;
1093;0.0;
1094;0.0;
1095;0.0;
1096;0.0;
1097;0.0;
1098;0.0;
1099;0.0;
1100;0.0;
1101;0.0;
1102;0.0;
1103;0.0;
1104;0.0;
1105;0.0;
1106;0.0;
1107;0.0;
1108;0.0;
1109;0.0;
1110;0.0;
1111;0.0;
1112;0.0;
1113;0.0;
1114;0.0;
1115;0.0;
1116;0.0;
1117;0.0;
1118;0.0;
1119;0.0;
1120;0.0;
1121;0.0;
1122;0.0;
1123;0.0;
1124;0.0;
1125;0.0;
1126;0.0;
1127;0.0;
1128;0.0;
1129;0.0;
1130;0.0;
1131;0.0;
1132;0.0;
1133;0.0;
1134;0.0;
1135;0.0;
1136;0.0;
1137;0.0;
1138;0.0;
1139;0.0;
1140;0.0;
1141;0.0;
1142;0.0;
1143;0.0;
1144;0.0;
1145;0.0;
1146;0.0;
1147;0.0;
1148;0.0;
1149;0.0;
1150;0.0;
1151;0.0;
1152;0.0;
1153;0.0;
1154;0.0;
1155;0.0;
1156;0.0;
1157;0.0;
1158;0.0;
1159;0.0;
1160;0.0;
1161;0.0;
1162;0.0;
1163;0.0;
1164;0.0;
1165;0.0;
1166;0.0;
1167;0.0;
1168;0.0;
1169;0.0;
1170;0.0;
1171;0.0;
1172;0.0;
1173;0.0;
1174;0.0;
1175;0.0;
1176;0.0;
1177;0.0;
1178;0.0;
1179;0.0;
1180;0.0;
1181;0.0;
1182;0.0;
1183;0.0;
1184;0.0;
1185;0.0;
1186;0.0;
1187;0.0;
1188;0.0;
1189;0.0;
1190;0.0;
1191;0.0;
1192;0.0;
1193;0.0;
1194;0.0;
1195;0.0;
1196;0.0;
1197;0.0;
1198;0.0;
1199;0.0;
1200;0.0;
1201;0.0;
1202;0.0;
1203;0.0;
1204;0.0;
1205;0.0;
1206;0.0;
1207;0.0;
1208;0.0;
1209;0.0;
1210;0.0;
1211;0.0;
1212;0.0;
1213;0.0;
1214;0.0;
1215;0.0;
1216;0.0;
1217;0.0;
1218;0.0;
1219;0.0;
1220;0.0;
1221;0.0;
1222;0.0;
1223;0.0;
1224;0.0;
1225;0.0;
1226;0.0;
1227;0.0;
1228;0.0;
1229;0.0;
1230;0.0;
1231;0.0;
1232;0.0;
1233;0.0;
1234;0.0;
1235;0.0;
1236;0.0;
1237;0.0;
1238;0.0;
1239;0.0;
1240;0.0;
1241;0.0;
1242;0.0;
1243;0.0;
1244;0.0;
1245;0.0;
1246;0.0;
1247;0.0;
1248;0.0;
1249;0.0;
1250;0.0;
1251;0.0;
1252;0.0;
1253;0.0;
1254;0.0;
1255;0.0;
1256;0.0;
1257;0.0;
1258;0.0;
1259;0.0;
1260;0.0;
1261;0.0;
1262;0.0;
1263;0.0;
1264;0.0;
1265;0.0;
1266;0.0;
1267;0.0;
1268;0.0;
1269;0.0;
1270;0.0;
1271;0.0;
1272;0.0;
1273;0.0;
1274;0.0;
1275;0.0;
1276;0.0;
1277;0.0;
1278;0.0;
1279;0.0;
1280;0.0;
1281;0.0;
1282;0.0;
1283;0.0;
1284;0.0;
1285;0.0;
1286;0.0;
1287;0.0;
1288;0.0;
1289;0.0;
1290;0.0;
1291;0.0;
1292;0.0;
1293;0.0;
1294;0.0;
1295;0.0;
1296;0.0;
1297;0.0;
1298;0.0;
1299;0.0;
1300;0.0;
1301;0.0;
1302;0.0;
1303;0.0;
1304;0.0;
1305;0.0;
1306;0.0;
1307;0.0;
1308;0.0;
1309;0.0;
1310;0.0;
1311;0.0;
1312;0.0;
1313;0.0;
1314;0.0;
1315;0.0;
1316;0.0;
1317;0.0;
1318;0.0;
1319;0.0;
1320;0.0;
1321;0.0;
1322;0.0;
1323;0.0;
1324;0.0;
1325;0.0;
1326;0.0;
1327;0.0;
1328;0.0;
1329;0.0;
1330;0.0;
1331;0.0;
1332;0.0;
1333;0.0;
1334;0.0;
1335;0.0;
1336;0.0;
1337;0.0;
1338;0.0;
1339;0.0;
1340;0.0;
1341;0.0;
1342;0.0;
1343;0.0;
1344;0.0;
1345;0.0;
1346;0.0;
1347;0.0;
1348;0.0;
1349;0.0;
1350;0.0;
1351;0.0;
1352;0.0;
1353;0.0;
1354;0.0;
1355;0.0;
1356;0.0;
1357;0.0;
1358;0.0;
1359;0.0;
1360;0.0;
1361;0.0;
1362;0.0;
1363;0.0;
1364;0.0;
1365;0.0;
1366;0.0;
1367;0.0;
1368;0.0;
1369;0.0;
1370;0.0;
1371;0.0;
1372;0.0;
1373;0.0;
1374;0.0;
1375;0.0;
1376;0.0;
1377;0.0;
1378;0.0;
1379;0.0;
1380;0.0;
1381;0.0;
1382;0.0;
1383;0.0;
1384;0.0;
1385;0.0;
1386;0.0;
1387;0.0;
1388;0.0;
1389;0.0;
1390;0.0;
1391;0.0;
1392;0.0;
1393;0.0;
1394;0.0;
1395;0.0;
1396;0.0;
1397;0.0;
1398;0.0;
1399;0.0;
1400;0.0;
1401;0.0;
1402;0.0;
1403;0.0;
1404;0.0;
1405;0.0;
1406;0.0;
1407;0.0;
1408;0.0;
1409;0.0;
1410;0.0;
1411;0.0;
1412;0.0;
1413;0.0;
1414;0.0;
1415;0.0;
1416;0.0;
1417;0.0;
1418;0.0;
1419;0.0;
1420;0.0;
1421;0.0;
1422;0.0;
1423;0.0;
1424;0.0;
1425;0.0;
1426;0.0;
1427;0.0;
1428;0.0;
1429;0.0;
1430;0.0;
1431;0.0;
1432;0.0;
1433;0.0;
1434;0.0;
1435;0.0;
1436;0.0;
1437;0.0;
1438;0.0;
1439;0.0;
1440;0.0;
1441;0.0;
1442;0.0;
1443;0.0;
1444;0.0;
1445;0.0;
1446;0.0;
1447;0.0;
1448;0.0;
1449;0.0;
1450;0.0;
1451;0.0;
1452;0.0;
1453;0.0;
1454;0.0;
1455;0.0;
1456;0.0;
1457;0.0;
1458;0.0;
1459;0.0;
1460;0.0;
1461;0.0;
1462;0.0;
1463;0.0;
1464;0.0;
1465;0.0;
1466;0.0;
1467;0.0;
1468;0.0;
1469;0.0;
1470;0.0;
1471;0.0;
1472;0.0;
1473;0.0;
1474;0.0;
1475;0.0;
1476;0.0;
1477;0.0;
1478;0.0;
1479;0.0;
1480;0.0;
1481;0.0;
1482;0.0;
1483;0.0;
1484;0.0;
1485;0.0;
1486;0.0;
1487;0.0;
1488;0.0;
1489;0.0;
1490;0.0;
1491;0.0;
1492;0.0;
1493;0.0;
1494;0.0;
1495;0.0;
1496;0.0;
1497;0.0;
1498;0.0;
1499;0.0;
1500;0.0;
1501;0.0;
1502;0.0;
1503;0.0;
1504;0.0;
1505;0.0;
1506;0.0;
1507;0.0;
1508;0.0;
1509;0.0;
1510;0.0;
1511;0.0;
1512;0.0;
1513;0.0;
1514;0.0;
1515;0.0;
1516;0.0;
1517;0.0;
1518;0.0;
1519;0.0;
1520;0.0;
1521;0.0;
1522;0.0;
1523;0.0;
1524;0.0;
1525;0.0;
1526;0.0;
1527;0.0;
1528;0.0;
1529;0.0;
1530;0.0;
1531;0.0;
1532;0.0;
1533;0.0;
1534;0.0;
1535;0.0;
1536;0.0;
1537;0.0;
1538;0.0;
1539;0.0;
1540;0.0;
1541;0.0;
1542;0.0;
1543;0.0;
1544;0.0;
1545;0.0;
1546;0.0;
1547;0.0;
1548;0.0;
1549;0.0;
1550;0.0;
1551;0.0;
1552;0.0;
1553;0.0;
1554;0.0;
1555;0.0;
1556;0.0;
1557;0.0;
1558;0.0;
1559;0.0;
1560;0.0;
1561;0.0;
1562;0.0;
1563;0.0;
1564;0.0;
1565;0.0;
1566;0.0;
1567;0.0;
1568;0.0;
1569;0.0;
1570;0.0;
1571;0.0;
1572;0.0;
1573;0.0;
1574;0.0;
1575;0.0;
1576;0.0;
1577;0.0;
1578;0.0;
1579;0.0;
1580;0.0;
1581;0.0;
1582;0.0;
1583;0.0;
1584;0.0;
1585;0.0;
1586;0.0;
1587;0.0;
1588;0.0;
1589;0.0;
1590;0.0;
1591;0.0;
1592;0.0;
1593;0.0;
1594;0.0;
1595;0.0;
1596;0.0;
1597;0.0;
1598;0.0;
1599;0.0;
1600;0.0;
1601;0.0;
1602;0.0;
1603;0.0;
1604;0.0;
1605;0.0;
1606;0.0;
1607;0.0;
1608;0.0;
1609;0.0;
1610;0.0;
1611;0.0;
1612;0.0;
1613;0.0;
1614;0.0;
1615;0.0;
1616;0.0;
1617;0.0;
1618;0.0;
1619;0.0;
1620;0.0;
1621;0.0;
1622;0.0;
1623;0.0;
1624;0.0;
1625;0.0;
1626;0.0;
1627;0.0;
1628;0.0;
1629;0.0;
1630;0.0;
1631;0.0;
1632;0.0;
1633;0.0;
1634;0.0;
1635;0.0;
1636;0.0;
1637;0.0;
1638;0.0;
1639;0.0;
1640;0.0;
1641;0.0;
1642;0.0;
1643;0.0;
1644;0.0;
1645;0.0;
1646;0.0;
1647;0.0;
1648;0.0;
1649;0.0;
1650;0.0;
1651;0.0;
1652;0.0;
1653;0.0;
1654;0.0;
1655;0.0;
1656;0.0;
1657;0.0;
1658;0.0;
1659;0.0;
1660;0.0;
1661;0.0;
1662;0.0;
1663;0.0;
1664;0.0;
1665;0.0;
1666;0.0;
1667;0.0;
1668;0.0;
1669;0.0;
1670;0.0;
1671;0.0;
1672;0.0;
1673;0.0;
1674;0.0;
1675;0.0;
1676;0.0;
1677;0.0;
1678;0.0;
1679;0.0;
1680;0.0;
1681;0.0;
1682;0.0;
1683;0.0;
1684;0.0;
1685;0.0;
1686;0.0;
1687;0.0;
1688;0.0;
1689;0.0;
1690;0.0;
1691;0.0;
1692;0.0;
1693;0.0;
1694;0.0;
1695;0.0;
1696;0.0;
1697;0.0;
1698;0.0;
1699;0.0;
1700;0.0;
1701;0.0;
1702;0.0;
1703;0.0;
1704;0.0;
1705;0.0;
1706;0.0;
1707;0.0;
1708;0.0;
1709;0.0;
1710;0.0;
1711;0.0;
1712;0.0;
1713;0.0;
1714;0.0;
1715;0.0;
1716;0.0;
1717;0.0;
1718;0.0;
1719;0.0;
1720;0.0;
1721;0.0;
1722;0.0;
1723;0.0;
1724;0.0;
1725;0.0;
1726;0.0;
1727;0.0;
1728;0.0;
1729;0.0;
1730;0.0;
1731;0.0;
1732;0.0;
1733;0.0;
1734;0.0;
1735;0.0;
1736;0.0;
1737;0.0;
1738;0.0;
1739;0.0;
1740;0.0;
1741;0.0;
1742;0.0;
1743;0.0;
1744;0.0;
1745;0.0;
1746;0.0;
1747;0.0;
1748;0.0;
1749;0.0;
1750;0.0;
1751;0.0;
1752;0.0;
1753;0.0;
1754;0.0;
1755;0.0;
1756;0.0;
1757;0.0;
1758;0.0;
1759;0.0;
1760;0.0;
1761;0.0;
1762;0.0;
1763;0.0;
1764;0.0;
1765;0.0;
1766;0.0;
1767;0.0;
1768;0.0;
1769;0.0;
1770;0.0;
1771;0.0;
1772;0.0;
1773;0.0;
1774;0.0;
1775;0.0;
1776;0.0;
1777;0.0;
1778;0.0;
1779;0.0;
1780;0.0;
1781;0.0;
1782;0.0;
1783;0.0;
1784;0.0;
1785;0.0;
1786;0.0;
1787;0.0;
1788;0.0;
1789;0.0;
1790;0.0;
1791;0.0;
1792;0.0;
1793;0.0;
1794;0.0;
1795;0.0;
1796;0.0;
1797;0.0;
1798;0.0;
1799;0.0;
1800;0.0;
1801;0.0;
1802;0.0;
1803;0.0;
1804;0.0;
1805;0.0;
1806;0.0;
1807;0.0;
1808;0.0;
1809;0.0;
1810;0.0;
1811;0.0;
1812;0.0;
1813;0.0;
1814;0.0;
1815;0.0;
1816;0.0;
1817;0.0;
1818;0.0;
1819;0.0;
1820;0.0;
1821;0.0;
1822;0.0;
1823;0.0;
1824;0.0;
1825;0.0;
1826;0.0;
1827;0.0;
1828;0.0;
1829;0.0;
1830;0.0;
1831;0.0;
1832;0.0;
1833;0.0;
1834;0.0;
1835;0.0;
1836;0.0;
1837;0.0;
1838;0.0;
1839;0.0;
1840;0.0;
1841;0.0;
1842;0.0;
1843;0.0;
1844;0.0;
1845;0.0;
1846;0.0;
1847;0.0;
1848;0.0;
1849;0.0;
1850;0.0;
1851;0.0;
1852;0.0;
1853;0.0;
1854;0.0;
1855;0.0;
1856;0.0;
1857;0.0;
1858;0.0;
1859;0.0;
1860;0.0;
1861;0.0;
1862;0.0;
1863;0.0;
1864;0.0;
1865;0.0;
1866;0.0;
1867;0.0;
1868;0.0;
1869;0.0;
1870;0.0;
1871;0.0;
1872;0.0;
1873;0.0;
1874;0.0;
1875;0.0;
1876;0.0;
1877;0.0;
1878;0.0;
1879;0.0;
1880;0.0;
1881;0.0;
1882;0.0;
1883;0.0;
1884;0.0;
1885;0.0;
1886;0.0;
1887;0.0;
1888;0.0;
1889;0.0;
1890;0.0;
1891;0.0;
1892;0.0;
1893;0.0;
1894;0.0;
1895;0.0;
1896;0.0;
1897;0.0;
1898;0.0;
1899;0.0;
1900;0.0;
1901;0.0;
1902;0.0;
1903;0.0;
1904;0.0;
1905;0.0;
1906;0.0;
1907;0.0;
1908;0.0;
1909;0.0;
1910;0.0;
1911;0.0;
1912;0.0;
1913;0.0;
1914;0.0;
1915;0.0;
1916;0.0;
1917;0.0;
1918;0.0;
1919;0.0;
1920;0.0;
1921;0.0;
1922;0.0;
1923;0.0;
1924;0.0;
1925;0.0;
1926;0.0;
1927;0.0;
1928;0.0;
1929;0.0;
1930;0.0;
1931;0.0;
1932;0.0;
1933;0.0;
1934;0.0;
1935;0.0;
1936;0.0;
1937;0.0;
1938;0.0;
1939;0.0;
1940;0.0;
1941;0.0;
1942;0.0;
1943;0.0;
1944;0.0;
1945;0.0;
1946;0.0;
1947;0.0;
1948;0.0;
1949;0.0;
1950;0.0;
1951;0.0;
1952;0.0;
1953;0.0;
1954;0.0;
1955;0.0;
1956;0.0;
1957;0.0;
1958;0.0;
1959;0.0;
1960;0.0;
1961;0.0;
1962;0.0;
1963;0.0;
1964;0.0;
1965;0.0;
1966;0.0;
1967;0.0;
1968;0.0;
1969;0.0;
1970;0.0;
1971;0.0;
1972;0.0;
1973;0.0;
1974;0.0;
1975;0.0;
1976;0.0;
1977;0.0;
1978;0.0;
1979;0.0;
1980;0.0;
1981;0.0;
1982;0.0;
1983;0.0;
1984;0.0;
1985;0.0;
1986;0.0;
1987;0.0;
1988;0.0;
1989;0.0;
1990;0.0;
1991;0.0;
1992;0.0;
1993;0.0;
1994;0.0;
1995;0.0;
1996;0.0;
1997;0.0;
1998;0.0;
1999;0.0;
2000;0.0;
2001;0.0;
2002;0.0;
2003;0.0;
2004;0.0;
2005;0.0;
2006;0.0;
2007;0.0;
2008;0.0;
2009;0.0;
2010;0.0;
2011;0.0;
2012;0.0;
2013;0.0;
2014;0.0;
2015;0.0;
2016;0.0;
2017;0.0;
2018;0.0;
2019;0.0;
2020;0.0;
2021;0.0;
2022;0.0;
2023;0.0;
2024;0.0;
2025;0.0;
2026;0.0;
2027;0.0;
2028;0.0;
2029;0.0;
2030;0.0;
2031;0.0;
2032;0.0;
2033;0.0;
2034;0.0;
2035;0.0;
2036;0.0;
2037;0.0;
2038;0.0;
2039;0.0;
2040;0.0;
2041;0.0;
2042;0.0;
2043;0.0;
2044;0.0;
2045;0.0;
2046;0.0;
2047;0.0;
2048;0.0;
2049;0.0;
2050;0.0;
2051;0.0;
2052;0.0;
2053;0.0;
2054;0.0;
2055;0.0;
2056;0.0;
2057;0.0;
2058;0.0;
2059;0.0;
2060;0.0;
2061;0.0;
2062;0.0;
2063;0.0;
2064;0.0;
2065;0.0;
2066;0.0;
2067;0.0;
2068;0.0;
2069;0.0;
2070;0.0;
2071;0.0;
2072;0.0;
2073;0.0;
2074;0.0;
2075;0.0;
2076;0.0;
2077;0.0;
2078;0.0;
2079;0.0;
2080;0.0;
2081;0.0;
2082;0.0;
2083;0.0;
2084;0.0;
2085;0.0;
2086;0.0;
2087;0.0;
2088;0.0;
2089;0.0;
2090;0.0;
2091;0.0;
2092;0.0;
2093;0.0;
2094;0.0;
2095;0.0;
2096;0.0;
2097;0.0;
2098;0.0;
2099;0.0;
2100;0.0;
2101;0.0;
2102;0.0;
2103;0.0;
2104;0.0;
2105;0.0;
2106;0.0;
2107;0.0;
2108;0.0;
2109;0.0;
2110;0.0;
2111;0.0;
2112;0.0;
2113;0.0;
2114;0.0;
2115;0.0;
2116;0.0;
2117;0.0;
2118;0.0;
2119;0.0;
2120;0.0;
2121;0.0;
2122;0.0;
2123;0.0;
2124;0.0;
2125;0.0;
2126;0.0;
2127;0.0;
2128;0.0;
2129;0.0;
2130;0.0;
2131;0.0;
2132;0.0;
2133;0.0;
2134;0.0;
2135;0.0;
2136;0.0;
2137;0.0;
2138;0.0;
2139;0.0;
2140;0.0;
2141;0.0;
2142;0.0;
2143;0.0;
2144;0.0;
2145;0.0;
2146;0.0;
2147;0.0;
2148;0.0;
2149;0.0;
2150;0.0;
2151;0.0;
2152;0.0;
2153;0.0;
2154;0.0;
2155;0.0;
2156;0.0;
2157;0.0;
2158;0.0;
2159;0.0;
2160;0.0;
2161;0.0;
2162;0.0;
2163;0.0;
2164;0.0;
2165;0.0;
2166;0.0;
2167;0.0;
2168;0.0;
2169;0.0;
2170;0.0;
2171;0.0;
2172;0.0;
2173;0.0;
2174;0.0;
2175;0.0;
2176;0.0;
2177;0.0;
2178;0.0;
2179;0.0;
2180;0.0;
2181;0.0;
2182;0.0;
2183;0.0;
2184;0.0;
2185;0.0;
2186;0.0;
2187;0.0;
2188;0.0;
2189;0.0;
2190;0.0;
2191;0.0;
2192;0.0;
2193;0.0;
2194;0.0;
2195;0.0;
2196;0.0;
2197;0.0;
2198;0.0;
2199;0.0;
2200;0.0;
2201;0.0;
2202;0.0;
2203;0.0;
2204;0.0;
2205;0.0;
2206;0.0;
2207;0.0;
2208;0.0;
2209;0.0;
2210;0.0;
2211;0.0;
2212;0.0;
2213;0.0;
2214;0.0;
2215;0.0;
2216;0.0;
2217;0.0;
2218;0.0;
2219;0.0;
2220;0.0;
2221;0.0;
2222;0.0;
2223;0.0;
2224;0.0;
2225;0.0;
2226;0.0;
2227;0.0;
2228;0.0;
2229;0.0;
2230;0.0;
2231;0.0;
2232;0.0;
2233;0.0;
2234;0.0;
2235;0.0;
2236;0.0;
2237;0.0;
2238;0.0;
2239;0.0;
2240;0.0;
2241;0.0;
2242;0.0;
2243;0.0;
2244;0.0;
2245;0.0;
2246;0.0;
2247;0.0;
2248;0.0;
2249;0.0;
2250;0.0;
2251;0.0;
2252;0.0;
2253;0.0;
2254;0.0;
2255;0.0;
2256;0.0;
2257;0.0;
2258;0.0;
2259;0.0;
2260;0.0;
2261;0.0;
2262;0.0;
2263;0.0;
2264;0.0;
2265;0.0;
2266;0.0;
2267;0.0;
2268;0.0;
2269;0.0;
2270;0.0;
2271;0.0;
2272;0.0;
2273;0.0;
2274;0.0;
2275;0.0;
2276;0.0;
2277;0.0;
2278;0.0;
2279;0.0;
2280;0.0;
2281;0.0;
2282;0.0;
2283;0.0;
2284;0.0;
2285;0.0;
2286;0.0;
2287;0.0;
2288;0.0;
2289;0.0;
2290;0.0;
2291;0.0;
2292;0.0;
2293;0.0;
2294;0.0;
2295;0.0;
2296;0.0;
2297;0.0;
2298;0.0;
2299;0.0;
2300;0.0;
2301;0.0;
2302;0.0;
2303;0.0;
2304;0.0;
2305;0.0;
2306;0.0;
2307;0.0;
2308;0.0;
2309;0.0;
2310;0.0;
2311;0.0;
2312;0.0;
2313;0.0;
2314;0.0;
2315;0.0;
2316;0.0;
2317;0.0;
2318;0.0;
2319;0.0;
2320;0.0;
2321;0.0;
2322;0.0;
2323;0.0;
2324;0.0;
2325;0.0;
2326;0.0;
2327;0.0;
2328;0.0;
2329;0.0;
2330;0.0;
2331;0.0;
2332;0.0;
2333;0.0;
2334;0.0;
2335;0.0;
2336;0.0;
2337;0.0;
2338;0.0;
2339;0.0;
2340;0.0;
2341;0.0;
2342;0.0;
2343;0.0;
2344;0.0;
2345;0.0;
2346;0.0;
2347;0.0;
2348;0.0;
2349;0.0;
2350;0.0;
2351;0.0;
2352;0.0;
2353;0.0;
2354;0.0;
2355;0.0;
2356;0.0;
2357;0.0;
2358;0.0;
2359;0.0;
2360;0.0;
2361;0.0;
2362;0.0;
2363;0.0;
2364;0.0;
2365;0.0;
2366;0.0;
2367;0.0;
2368;0.0;
2369;0.0;
2370;0.0;
2371;0.0;
2372;0.0;
2373;0.0;
2374;0.0;
2375;0.0;
2376;0.0;
2377;0.0;
2378;0.0;
2379;0.0;
2380;0.0;
2381;0.0;
2382;0.0;
2383;0.0;
2384;0.0;
2385;0.0;
2386;0.0;
2387;0.0;
2388;0.0;
2389;0.0;
2390;0.0;
2391;0.0;
2392;0.0;
2393;0.0;
2394;0.0;
2395;0.0;
2396;0.0;
2397;0.0;
2398;0.0;
2399;0.0;
2400;0.0;
2401;0.0;
2402;0.0;
2403;0.0;
2404;0.0;
2405;0.0;
2406;0.0;
2407;0.0;
2408;0.0;
2409;0.0;
2410;0.0;
2411;0.0;
2412;0.0;
2413;0.0;
2414;0.0;
2415;0.0;
2416;0.0;
2417;0.0;
2418;0.0;
2419;0.0;
2420;0.0;
2421;0.0;
2422;0.0;
2423;0.0;
2424;0.0;
2425;0.0;
2426;0.0;
2427;0.0;
2428;0.0;
2429;0.0;
2430;0.0;
2431;0.0;
2432;0.0;
2433;0.0;
2434;0.0;
2435;0.0;
2436;0.0;
2437;0.0;
2438;0.0;
2439;0.0;
2440;0.0;
2441;0.0;
2442;0.0;
2443;0.0;
2444;0.0;
2445;0.0;
2446;0.0;
2447;0.0;
2448;0.0;
2449;0.0;
2450;0.0;
2451;0.0;
2452;0.0;
2453;0.0;
2454;0.0;
2455;0.0;
2456;0.0;
2457;0.0;
2458;0.0;
2459;0.0;
2460;0.0;
2461;0.0;
2462;0.0;
2463;0.0;
2464;0.0;
2465;0.0;
2466;0.0;
2467;0.0;
2468;0.0;
2469;0.0;
2470;0.0;
2471;0.0;
2472;0.0;
2473;0.0;
2474;0.0;
2475;0.0;
2476;0.0;
2477;0.0;
2478;0.0;
2479;0.0;
2480;0.0;
2481;0.0;
2482;0.0;
2483;0.0;
2484;0.0;
2485;0.0;
2486;0.0;
2487;0.0;
2488;0.0;
2489;0.0;
2490;0.0;
2491;0.0;
2492;0.0;
2493;0.0;
2494;0.0;
2495;0.0;
2496;0.0;
2497;0.0;
2498;0.0;
2499;0.0;
2500;0.0;
2501;0.0;
2502;0.0;
2503;0.0;
2504;0.0;
2505;0.0;
2506;0.0;
2507;0.0;
2508;0.0;
2509;0.0;
2510;0.0;
2511;0.0;
2512;0.0;
2513;0.0;
2514;0.0;
2515;0.0;
2516;0.0;
2517;0.0;
2518;0.0;
2519;0.0;
2520;0.0;
2521;0.0;
2522;0.0;
2523;0.0;
2524;0.0;
2525;0.0;
2526;0.0;
2527;0.0;
2528;0.0;
2529;0.0;
2530;0.0;
2531;0.0;
2532;0.0;
2533;0.0;
2534;0.0;
2535;0.0;
2536;0.0;
2537;0.0;
2538;0.0;
2539;0.0;
2540;0.0;
2541;0.0;
2542;0.0;
2543;0.0;
2544;0.0;
2545;0.0;
2546;0.0;
2547;0.0;
2548;0.0;
2549;0.0;
2550;0.0;
2551;0.0;
2552;0.0;
2553;0.0;
2554;0.0;
2555;0.0;
2556;0.0;
2557;0.0;
2558;0.0;
2559;0.0;
2560;0.0;
2561;0.0;
2562;0.0;
2563;0.0;
2564;0.0;
2565;0.0;
2566;0.0;
2567;0.0;
2568;0.0;
2569;0.0;
2570;0.0;
2571;0.0;
2572;0.0;
2573;0.0;
2574;0.0;
2575;0.0;
2576;0.0;
2577;0.0;
2578;0.0;
2579;0.0;
2580;0.0;
2581;0.0;
2582;0.0;
2583;0.0;
2584;0.0;
2585;0.0;
2586;0.0;
2587;0.0;
2588;0.0;
2589;0.0;
2590;0.0;
2591;0.0;
2592;0.0;
2593;0.0;
2594;0.0;
2595;0.0;
2596;0.0;
2597;0.0;
2598;0.0;
2599;0.0;
2600;0.0;
2601;0.0;
2602;0.0;
2603;0.0;
2604;0.0;
2605;0.0;
2606;0.0;
2607;0.0;
2608;0.0;
2609;0.0;
2610;0.0;
2611;0.0;
2612;0.0;
2613;0.0;
2614;0.0;
2615;0.0;
2616;0.0;
2617;0.0;
2618;0.0;
2619;0.0;
2620;0.0;
2621;0.0;
2622;0.0;
2623;0.0;
2624;0.0;
2625;0.0;
2626;0.0;
2627;0.0;
2628;0.0;
2629;0.0;
2630;0.0;
2631;0.0;
2632;0.0;
2633;0.0;
2634;0.0;
2635;0.0;
2636;0.0;
2637;0.0;
2638;0.0;
2639;0.0;
2640;0.0;
2641;0.0;
2642;0.0;
2643;0.0;
2644;0.0;
2645;0.0;
2646;0.0;
2647;0.0;
2648;0.0;
2649;0.0;
2650;0.0;
2651;0.0;
2652;0.0;
2653;0.0;
2654;0.0;
2655;0.0;
2656;0.0;
2657;0.0;
2658;0.0;
2659;0.0;
2660;0.0;
2661;0.0;
2662;0.0;
2663;0.0;
2664;0.0;
2665;0.0;
2666;0.0;
2667;0.0;
2668;0.0;
2669;0.0;
2670;0.0;
2671;0.0;
2672;0.0;
2673;0.0;
2674;0.0;
2675;0.0;
2676;0.0;
2677;0.0;
2678;0.0;
2679;0.0;
2680;0.0;
2681;0.0;
2682;0.0;
2683;0.0;
2684;0.0;
2685;0.0;
2686;0.0;
2687;0.0;
2688;0.0;
2689;0.0;
2690;0.0;
2691;0.0;
2692;0.0;
2693;0.0;
2694;0.0;
2695;0.0;
2696;0.0;
2697;0.0;
2698;0.0;
2699;0.0;
2700;0.0;
2701;0.0;
2702;0.0;
2703;0.0;
2704;0.0;
2705;0.0;
2706;0.0;
2707;0.0;
2708;0.0;
2709;0.0;
2710;0.0;
2711;0.0;
2712;0.0;
2713;0.0;
2714;0.0;
2715;0.0;
2716;0.0;
2717;0.0;
2718;0.0;
2719;0.0;
2720;0.0;
2721;0.0;
2722;0.0;
2723;0.0;
2724;0.0;
2725;0.0;
2726;0.0;
2727;0.0;
2728;0.0;
2729;0.0;
2730;0.0;
2731;0.0;
2732;0.0;
2733;0.0;
2734;0.0;
2735;0.0;
2736;0.0;
2737;0.0;
2738;0.0;
2739;0.0;
2740;0.0;
2741;0.0;
2742;0.0;
2743;0.0;
2744;0.0;
2745;0.0;
2746;0.0;
2747;0.0;
2748;0.0;
2749;0.0;
2750;0.0;
2751;0.0;
2752;0.0;
2753;0.0;
2754;0.0;
2755;0.0;
2756;0.0;
2757;0.0;
2758;0.0;
2759;0.0;
2760;0.0;
2761;0.0;
2762;0.0;
2763;0.0;
2764;0.0;
2765;0.0;
2766;0.0;
2767;0.0;
2768;0.0;
2769;0.0;
2770;0.0;
2771;0.0;
2772;0.0;
2773;0.0;
2774;0.0;
2775;0.0;
2776;0.0;
2777;0.0;
2778;0.0;
2779;0.0;
2780;0.0;
2781;0.0;
2782;0.0;
2783;0.0;
2784;0.0;
2785;0.0;
2786;0.0;
2787;0.0;
2788;0.0;
2789;0.0;
2790;0.0;
2791;0.0;
2792;0.0;
2793;0.0;
2794;0.0;
2795;0.0;
2796;0.0;
2797;0.0;
2798;0.0;
2799;0.0;
2800;0.0;
2801;0.0;
2802;0.0;
2803;0.0;
2804;0.0;
2805;0.0;
2806;0.0;
2807;0.0;
2808;0.0;
2809;0.0;
2810;0.0;
2811;0.0;
2812;0.0;
2813;0.0;
2814;0.0;
2815;0.0;
2816;0.0;
2817;0.0;
2818;0.0;
2819;0.0;
2820;0.0;
2821;0.0;
2822;0.0;
2823;0.0;
2824;0.0;
2825;0.0;
2826;0.0;
2827;0.0;
2828;0.0;
2829;0.0;
2830;0.0;
2831;0.0;
2832;0.0;
2833;0.0;
2834;0.0;
2835;0.0;
2836;0.0;
2837;0.0;
2838;0.0;
2839;0.0;
2840;0.0;
2841;0.0;
2842;0.0;
2843;0.0;
2844;0.0;
2845;0.0;
2846;0.0;
2847;0.0;
2848;0.0;
2849;0.0;
2850;0.0;
2851;0.0;
2852;0.0;
2853;0.0;
2854;0.0;
2855;0.0;
2856;0.0;
2857;0.0;
2858;0.0;
2859;0.0;
2860;0.0;
2861;0.0;
2862;0.0;
2863;0.0;
2864;0.0;
2865;0.0;
2866;0.0;
2867;0.0;
2868;0.0;
2869;0.0;
2870;0.0;
2871;0.0;
2872;0.0;
2873;0.0;
2874;0.0;
2875;0.0;
2876;0.0;
2877;0.0;
2878;0.0;
2879;0.0;
2880;0.0;
2881;0.0;
2882;0.0;
2883;0.0;
2884;0.0;
2885;0.0;
2886;0.0;
2887;0.0;
2888;0.0;
2889;0.0;
2890;0.0;
2891;0.0;
2892;0.0;
2893;0.0;
2894;0.0;
2895;0.0;
2896;0.0;
2897;0.0;
2898;0.0;
2899;0.0;
2900;0.0;
2901;0.0;
2902;0.0;
2903;0.0;
2904;0.0;
2905;0.0;
2906;0.0;
2907;0.0;
2908;0.0;
2909;0.0;
2910;0.0;
2911;0.0;
2912;0.0;
2913;0.0;
2914;0.0;
2915;0.0;
2916;0.0;
2917;0.0;
2918;0.0;
2919;0.0;
2920;0.0;
2921;0.0;
2922;0.0;
2923;0.0;
2924;0.0;
2925;0.0;
2926;0.0;
2927;0.0;
2928;0.0;
2929;0.0;
2930;0.0;
2931;0.0;
2932;0.0;
2933;0.0;
2934;0.0;
2935;0.0;
2936;0.0;
2937;0.0;
2938;0.0;
2939;0.0;
2940;0.0;
2941;0.0;
2942;0.0;
2943;0.0;
2944;0.0;
2945;0.0;
2946;0.0;
2947;0.0;
2948;0.0;
2949;0.0;
2950;0.0;
2951;0.0;
2952;0.0;
2953;0.0;
2954;0.0;
2955;0.0;
2956;0.0;
2957;0.0;
2958;0.0;
2959;0.0;
2960;0.0;
2961;0.0;
2962;0.0;
2963;0.0;
2964;0.0;
2965;0.0;
2966;0.0;
2967;0.0;
2968;0.0;
2969;0.0;
2970;0.0;
2971;0.0;
2972;0.0;
2973;0.0;
2974;0.0;
2975;0.0;
2976;0.0;
2977;0.0;
2978;0.0;
2979;0.0;
2980;0.0;
2981;0.0;
2982;0.0;
2983;0.0;
2984;0.0;
2985;0.0;
2986;0.0;
2987;0.0;
2988;0.0;
2989;0.0;
2990;0.0;
2991;0.0;
2992;0.0;
2993;0.0;
2994;0.0;
2995;0.0;
2996;0.0;
2997;0.0;
2998;0.0;
2999;0.0;
3000;0.0;
3001;0.0;
3002;0.0;
3003;0.0;
3004;0.0;
3005;0.0;
3006;0.0;
3007;0.0;
3008;0.0;
3009;0.0;
3010;0.0;
3011;0.0;
3012;0.0;
3013;0.0;
3014;0.0;
3015;0.0;
3016;0.0;
3017;0.0;
3018;0.0;
3019;0.0;
3020;0.0;
3021;0.0;
3022;0.0;
3023;0.0;
3024;0.0;
3025;0.0;
3026;0.0;
3027;0.0;
3028;0.0;
3029;0.0;
3030;0.0;
3031;0.0;
3032;0.0;
3033;0.0;
3034;0.0;
3035;0.0;
3036;0.0;
3037;0.0;
3038;0.0;
3039;0.0;
3040;0.0;
3041;0.0;
3042;0.0;
3043;0.0;
3044;0.0;
3045;0.0;
3046;0.0;
3047;0.0;
3048;0.0;
3049;0.0;
3050;0.0;
3051;0.0;
3052;0.0;
3053;0.0;
3054;0.0;
3055;0.0;
3056;0.0;
3057;0.0;
3058;0.0;
3059;0.0;
3060;0.0;
3061;0.0;
3062;0.0;
3063;0.0;
3064;0.0;
3065;0.0;
3066;0.0;
3067;0.0;
3068;0.0;
3069;0.0;
3070;0.0;
3071;0.0;
3072;0.0;
3073;0.0;
3074;0.0;
3075;0.0;
3076;0.0;
3077;0.0;
3078;0.0;
3079;0.0;
3080;0.0;
3081;0.0;
3082;0.0;
3083;0.0;
3084;0.0;
3085;0.0;
3086;0.0;
3087;0.0;
3088;0.0;
3089;0.0;
3090;0.0;
3091;0.0;
3092;0.0;
3093;0.0;
3094;0.0;
3095;0.0;
3096;0.0;
3097;0.0;
3098;0.0;
3099;0.0;
3100;0.0;
3101;0.0;
3102;0.0;
3103;0.0;
3104;0.0;
3105;0.0;
3106;0.0;
3107;0.0;
3108;0.0;
3109;0.0;
3110;0.0;
3111;0.0;
3112;0.0;
3113;0.0;
3114;0.0;
3115;0.0;
3116;0.0;
3117;0.0;
3118;0.0;
3119;0.0;
3120;0.0;
3121;0.0;
3122;0.0;
3123;0.0;
3124;0.0;
3125;0.0;
3126;0.0;
3127;0.0;
3128;0.0;
3129;0.0;
3130;0.0;
3131;0.0;
3132;0.0;
3133;0.0;
3134;0.0;
3135;0.0;
3136;0.0;
3137;0.0;
3138;0.0;
3139;0.0;
3140;0.0;
3141;0.0;
3142;0.0;
3143;0.0;
3144;0.0;
3145;0.0;
3146;0.0;
3147;0.0;
3148;0.0;
3149;0.0;
3150;0.0;
3151;0.0;
3152;0.0;
3153;0.0;
3154;0.0;
3155;0.0;
3156;0.0;
3157;0.0;
3158;0.0;
3159;0.0;
3160;0.0;
3161;0.0;
3162;0.0;
3163;0.0;
3164;0.0;
3165;0.0;
3166;0.0;
3167;0.0;
3168;0.0;
3169;0.0;
3170;0.0;
3171;0.0;
3172;0.0;
3173;0.0;
3174;0.0;
3175;0.0;
3176;0.0;
3177;0.0;
3178;0.0;
3179;0.0;
3180;0.0;
3181;0.0;
3182;0.0;
3183;0.0;
3184;0.0;
3185;0.0;
3186;0.0;
3187;0.0;
3188;0.0;
3189;0.0;
3190;0.0;
3191;0.0;
3192;0.0;
3193;0.0;
3194;0.0;
3195;0.0;
3196;0.0;
3197;0.0;
3198;0.0;
3199;0.0;
3200;0.0;
3201;0.0;
3202;0.0;
3203;0.0;
3204;0.0;
3205;0.0;
3206;0.0;
3207;0.0;
3208;0.0;
3209;0.0;
3210;0.0;
3211;0.0;
3212;0.0;
3213;0.0;
3214;0.0;
3215;0.0;
3216;0.0;
3217;0.0;
3218;0.0;
3219;0.0;
3220;0.0;
3221;0.0;
3222;0.0;
3223;0.0;
3224;0.0;
3225;0.0;
3226;0.0;
3227;0.0;
3228;0.0;
3229;0.0;
3230;0.0;
3231;0.0;
3232;0.0;
3233;0.0;
3234;0.0;
3235;0.0;
3236;0.0;
3237;0.0;
3238;0.0;
3239;0.0;
3240;0.0;
3241;0.0;
3242;0.0;
3243;0.0;
3244;0.0;
3245;0.0;
3246;0.0;
3247;0.0;
3248;0.0;
3249;0.0;
3250;0.0;
3251;0.0;
3252;0.0;
3253;0.0;
3254;0.0;
3255;0.0;
3256;0.0;
3257;0.0;
3258;0.0;
3259;0.0;
3260;0.0;
3261;0.0;
3262;0.0;
3263;0.0;
3264;0.0;
3265;0.0;
3266;0.0;
3267;0.0;
3268;0.0;
3269;0.0;
3270;0.0;
3271;0.0;
3272;0.0;
3273;0.0;
3274;0.0;
3275;0.0;
3276;0.0;
3277;0.0;
3278;0.0;
3279;0.0;
3280;0.0;
3281;0.0;
3282;0.0;
3283;0.0;
3284;0.0;
3285;0.0;
3286;0.0;
3287;0.0;
3288;0.0;
3289;0.0;
3290;0.0;
3291;0.0;
3292;0.0;
3293;0.0;
3294;0.0;
3295;0.0;
3296;0.0;
3297;0.0;
3298;0.0;
3299;0.0;
3300;0.0;
3301;0.0;
3302;0.0;
3303;0.0;
3304;0.0;
3305;0.0;
3306;0.0;
3307;0.0;
3308;0.0;
3309;0.0;
3310;0.0;
3311;0.0;
3312;0.0;
3313;0.0;
3314;0.0;
3315;0.0;
3316;0.0;
3317;0.0;
3318;0.0;
3319;0.0;
3320;0.0;
3321;0.0;
3322;0.0;
3323;0.0;
3324;0.0;
3325;0.0;
3326;0.0;
3327;0.0;
3328;0.0;
3329;0.0;
3330;0.0;
3331;0.0;
3332;0.0;
3333;0.0;
3334;0.0;
3335;0.0;
3336;0.0;
3337;0.0;
3338;0.0;
3339;0.0;
3340;0.0;
3341;0.0;
3342;0.0;
3343;0.0;
3344;0.0;
3345;0.0;
3346;0.0;
3347;0.0;
3348;0.0;
3349;0.0;
3350;0.0;
3351;0.0;
3352;0.0;
3353;0.0;
3354;0.0;
3355;0.0;
3356;0.0;
3357;0.0;
3358;0.0;
3359;0.0;
3360;0.0;
3361;0.0;
3362;0.0;
3363;0.0;
3364;0.0;
3365;0.0;
3366;0.0;
3367;0.0;
3368;0.0;
3369;0.0;
3370;0.0;
3371;0.0;
3372;0.0;
3373;0.0;
3374;0.0;
3375;0.0;
3376;0.0;
3377;0.0;
3378;0.0;
3379;0.0;
3380;0.0;
3381;0.0;
3382;0.0;
3383;0.0;
3384;0.0;
3385;0.0;
3386;0.0;
3387;0.0;
3388;0.0;
3389;0.0;
3390;0.0;
3391;0.0;
3392;0.0;
3393;0.0;
3394;0.0;
3395;0.0;
3396;0.0;
3397;0.0;
3398;0.0;
3399;0.0;
3400;0.0;
3401;0.0;
3402;0.0;
3403;0.0;
3404;0.0;
3405;0.0;
3406;0.0;
3407;0.0;
3408;0.0;
3409;0.0;
3410;0.0;
3411;0.0;
3412;0.0;
3413;0.0;
3414;0.0;
3415;0.0;
3416;0.0;
3417;0.0;
3418;0.0;
3419;0.0;
3420;0.0;
3421;0.0;
3422;0.0;
3423;0.0;
3424;0.0;
3425;0.0;
3426;0.0;
3427;0.0;
3428;0.0;
3429;0.0;
3430;0.0;
3431;0.0;
3432;0.0;
3433;0.0;
3434;0.0;
3435;0.0;
3436;0.0;
3437;0.0;
3438;0.0;
3439;0.0;
3440;0.0;
3441;0.0;
3442;0.0;
3443;0.0;
3444;0.0;
3445;0.0;
3446;0.0;
3447;0.0;
3448;0.0;
3449;0.0;
3450;0.0;
3451;0.0;
3452;0.0;
3453;0.0;
3454;0.0;
3455;0.0;
3456;0.0;
3457;0.0;
3458;0.0;
3459;0.0;
3460;0.0;
3461;0.0;
3462;0.0;
3463;0.0;
3464;0.0;
3465;0.0;
3466;0.0;
3467;0.0;
3468;0.0;
3469;0.0;
3470;0.0;
3471;0.0;
3472;0.0;
3473;0.0;
3474;0.0;
3475;0.0;
3476;0.0;
3477;0.0;
3478;0.0;
3479;0.0;
3480;0.0;
3481;0.0;
3482;0.0;
3483;0.0;
3484;0.0;
3485;0.0;
3486;0.0;
3487;0.0;
3488;0.0;
3489;0.0;
3490;0.0;
3491;0.0;
3492;0.0;
3493;0.0;
3494;0.0;
3495;0.0;
3496;0.0;
3497;0.0;
3498;0.0;
3499;0.0;
